Point géographique;Forme géographique;Idcar_200m;I_est_200;Idcar_1km;i_est_1km;Idcar_nat;Numéro de groupe;Population du carreau;Nombre de ménages d’un seul individu;Nombre de ménages de 5 individus ou plus;Nombre de ménages propriétaires;Nombre de ménages monoparentaux;Somme des niveaux de vie winsorisés des individus;Somme de la surface des logements du carreau;Nombre de ménages en logements collectifs;Nombre de ménages en maison;Nombre de logements sociaux;Nombre de ménages pauvres;Nombre de ménages;lcog_geo;com_arm_code;Code Officiel Commune
48.75008323778886, 2.299266045112433;"{""coordinates"": [[[2.298051569279829, 48.749095464232816], [2.297773756788995, 48.750883281280146], [2.300480570208268, 48.75107100464565], [2.300758286892669, 48.7492831798262], [2.298051569279829, 48.749095464232816]]], ""type"": ""Polygon""}";CRS3035RES200mN2878000E3755600;0;CRS3035RES1000mN2878000E3755000;0;CRS3035RES200mN2878000E3755600;850867;622.0;81.0;35.0;28.0;49.0;13699915.1;19345.0;221.0;28.0;207.0;30.0;249.0;92002;92002;92002
48.751021013675704, 2.312800105122588;"{""coordinates"": [[[2.311585343286703, 48.75003338500565], [2.311308009853753, 48.75182124088713], [2.314014916226006, 48.752008635638745], [2.314292153839661, 48.750220771998364], [2.311585343286703, 48.75003338500565]]], ""type"": ""Polygon""}";CRS3035RES200mN2878000E3756600;0;CRS3035RES1000mN2878000E3756000;0;CRS3035RES200mN2878000E3756600;850915;75.0;1.0;4.0;20.0;2.0;2895632.5;2340.0;0.0;22.0;0.0;0.0;22.0;9200294034;92002;92002
48.76372338854116, 2.313566027822943;"{""coordinates"": [[[2.312350961501044, 48.76273576966379], [2.312073547509309, 48.764523617368056], [2.314781143444404, 48.76471100070862], [2.315058461554778, 48.762923145243064], [2.312350961501044, 48.76273576966379]]], ""type"": ""Polygon""}";CRS3035RES200mN2879400E3756800;0;CRS3035RES1000mN2879000E3756000;0;CRS3035RES1000mN2879000E3756000;850883;438.0;55.0;17.0;134.0;23.0;12903418.9;12060.0;119.0;54.0;0.0;8.0;173.0;9200294034;92002;92002
48.762222249161844, 2.291906239137745;"{""coordinates"": [[[2.290691630738432, 48.761234398419774], [2.290413449788502, 48.763022183938126], [2.293120896829716, 48.76321009320644], [2.293398981918887, 48.761422299905554], [2.290691630738432, 48.761234398419774]]], ""type"": ""Polygon""}";CRS3035RES200mN2879400E3755200;1;CRS3035RES1000mN2879000E3755000;0;CRS3035RES1000mN2879000E3755000;850791;12.0;3.3;0.7;4.0;0.0;431103.8;595.0;0.3;5.7;0.0;0.0;6.0;9200292019;92002;92002
48.74453203569677, 2.2973927565112016;"{""coordinates"": [[[2.296178443711087, 48.74354424140511], [2.295900611136499, 48.74533205752735], [2.298607118560342, 48.7455198232913], [2.298884855356548, 48.74373199939649], [2.296178443711087, 48.74354424140511]]], ""type"": ""Polygon""}";CRS3035RES200mN2877400E3755400;0;CRS3035RES1000mN2877000E3755000;0;CRS3035RES200mN2877400E3755400;848747;162.0;10.0;7.0;45.0;3.0;6146456.0;5532.0;7.0;47.0;0.0;4.0;54.0;92002;92002;92002
48.74970766739156, 2.2938525512991057;"{""coordinates"": [[[2.292638189880655, 48.748719835892935], [2.292360185784682, 48.75050763738804], [2.295066961979054, 48.75069549219404], [2.295344870273744, 48.74890768292149], [2.292638189880655, 48.748719835892935]]], ""type"": ""Polygon""}";CRS3035RES200mN2878000E3755200;0;CRS3035RES1000mN2878000E3755000;0;CRS3035RES200mN2878000E3755200;850857;307.5;39.0;9.0;99.0;10.0;12887975.7;12505.0;77.0;48.0;0.0;4.0;125.0;92002;92002;92002
48.758646665779686, 2.2924624546378825;"{""coordinates"": [[[2.291247916817601, 48.75765882053835], [2.29096978641371, 48.759446610619925], [2.293677041741911, 48.759634504323955], [2.293955076302046, 48.757846706461294], [2.291247916817601, 48.75765882053835]]], ""type"": ""Polygon""}";CRS3035RES200mN2879000E3755200;0;CRS3035RES1000mN2879000E3755000;0;CRS3035RES1000mN2879000E3755000;850792;56.0;3.0;3.0;15.0;1.0;2211768.7;1818.0;1.0;17.0;0.0;0.0;18.0;92002;92002;92002
48.75384657725594, 2.3014174319173186;"{""coordinates"": [[[2.300202828294289, 48.752858827183964], [2.299925061147484, 48.754646647441405], [2.302632084813332, 48.754834320626735], [2.302909756134145, 48.753046492598344], [2.300202828294289, 48.752858827183964]]], ""type"": ""Polygon""}";CRS3035RES200mN2878400E3755800;0;CRS3035RES1000mN2878000E3755000;0;CRS3035RES200mN2878400E3755800;850866;377.0;118.0;5.0;83.0;17.0;12939085.3;12982.0;202.0;13.0;0.0;20.0;215.0;92002;92002;92002
48.747257881381984, 2.3106479682394654;"{""coordinates"": [[[2.309433334209385, 48.74627022921329], [2.309155955358117, 48.748058081892125], [2.311862651527317, 48.748245526845615], [2.312139934578853, 48.746457666406684], [2.309433334209385, 48.74627022921329]]], ""type"": ""Polygon""}";CRS3035RES200mN2877600E3756400;0;CRS3035RES1000mN2877000E3756000;0;CRS3035RES200mN2877600E3756400;848857;161.5;9.0;8.0;51.0;4.0;5463042.9;5269.0;0.0;57.0;0.0;0.0;57.0;92002;92002;92002
48.73060467059242, 2.305025651202;"{""coordinates"": [[[2.303811506201561, 48.72961695616681], [2.303534066827351, 48.73140480609955], [2.30623984541761, 48.73159237831934], [2.306517189076185, 48.72980452062506], [2.303811506201561, 48.72961695616681]]], ""type"": ""Polygon""}";CRS3035RES200mN2875800E3755800;1;CRS3035RES1000mN2875000E3755000;1;CRS3035RES2000mN2874000E3754000;346395;3.0;0.2;0.1;0.7;0.1;77781.3;93.9;0.1;0.9;0.0;0.1;1.0;9200291377;92002;92002
48.7438695564031, 2.313909045734294;"{""coordinates"": [[[2.312694425127707, 48.74288193869096], [2.312417192444562, 48.74466980368859], [2.315123715590618, 48.744857167409], [2.315400852488448, 48.743069294655385], [2.312694425127707, 48.74288193869096]]], ""type"": ""Polygon""}";CRS3035RES200mN2877200E3756600;0;CRS3035RES1000mN2877000E3756000;0;CRS3035RES200mN2877200E3756600;848861;236.0;7.0;12.0;75.0;6.0;8504461.8;8454.0;0.0;77.0;0.0;1.0;77.0;9200291689;92002;92002
48.75403421369288, 2.304124416970737;"{""coordinates"": [[[2.302909756134145, 48.753046492598344], [2.302632084813332, 48.754834320626735], [2.305339127081171, 48.755021928084716], [2.305616702573415, 48.753234092288004], [2.302909756134145, 48.753046492598344]]], ""type"": ""Polygon""}";CRS3035RES200mN2878400E3756000;0;CRS3035RES1000mN2878000E3756000;0;CRS3035RES200mN2878400E3756000;850930;450.0;140.0;2.0;116.0;19.0;15678546.7;15517.2;258.0;5.0;0.0;21.0;263.0;92002;92002;92002
48.76692416569895, 2.307595802949553;"{""coordinates"": [[[2.306380780441303, 48.765936483354025], [2.306103124237491, 48.76772431097447], [2.308810874764553, 48.767911841336705], [2.309088435075148, 48.76612400594822], [2.306380780441303, 48.765936483354025]]], ""type"": ""Polygon""}";CRS3035RES200mN2879800E3756400;0;CRS3035RES1000mN2879000E3756000;0;CRS3035RES1000mN2879000E3756000;850870;107.5;10.0;3.0;40.0;3.0;5492121.6;7309.0;2.0;42.0;0.0;3.0;44.0;92002;92002;92002
48.73446538642885, 2.2825458149855153;"{""coordinates"": [[[2.281332021520282, 48.733477432103115], [2.281053740718991, 48.7352652129783], [2.283759657672361, 48.735453334067735], [2.284037842753145, 48.73366554540769], [2.281332021520282, 48.733477432103115]]], ""type"": ""Polygon""}";CRS3035RES200mN2876400E3754200;0;CRS3035RES1000mN2876000E3754000;0;CRS3035RES200mN2876400E3754200;848794;158.5;17.0;4.0;59.0;5.0;5465537.4;6343.0;3.0;59.0;0.0;3.0;62.0;9200291377;92002;92002
48.754507154748374, 2.284897605710744;"{""coordinates"": [[[2.283683310143851, 48.75351922809581], [2.283404942808092, 48.755306999387166], [2.286111950549901, 48.755495074708875], [2.286390222066627, 48.75370729562997], [2.283683310143851, 48.75351922809581]]], ""type"": ""Polygon""}";CRS3035RES200mN2878600E3754600;0;CRS3035RES1000mN2878000E3754000;0;CRS3035RES1000mN2878000E3754000;850810;150.0;12.0;9.0;48.0;1.0;6222160.8;6654.0;4.0;52.0;0.0;1.0;56.0;92002;92002;92002
48.75704671983477, 2.2954476453673798;"{""coordinates"": [[[2.294233085602562, 48.756058906317286], [2.293955076302046, 48.757846706461294], [2.296662254412364, 48.75803452665379], [2.296940167875042, 48.75624671873209], [2.294233085602562, 48.756058906317286]]], ""type"": ""Polygon""}";CRS3035RES200mN2878800E3755400;0;CRS3035RES1000mN2878000E3755000;0;CRS3035RES200mN2878800E3755400;850854;288.0;21.0;9.0;94.0;9.0;11379937.3;10016.0;26.0;83.0;0.0;4.0;109.0;92002;92002;92002
48.755634400259055, 2.3011397000674787;"{""coordinates"": [[[2.299925061147484, 48.754646647441405], [2.299647268764577, 48.756434465418344], [2.302354388264918, 48.75662214637532], [2.302632084813332, 48.754834320626735], [2.299925061147484, 48.754646647441405]]], ""type"": ""Polygon""}";CRS3035RES200mN2878600E3755800;0;CRS3035RES1000mN2878000E3755000;0;CRS3035RES200mN2878600E3755800;850847;142.0;38.0;5.0;52.0;4.0;6662597.5;6250.0;57.0;16.0;0.0;1.0;73.0;92002;92002;92002
48.73079220608575, 2.3077313912182933;"{""coordinates"": [[[2.306517189076185, 48.72980452062506], [2.30623984541761, 48.73159237831934], [2.308945642576439, 48.73177988484619], [2.309222890516812, 48.729992019393045], [2.306517189076185, 48.72980452062506]]], ""type"": ""Polygon""}";CRS3035RES200mN2875800E3756000;1;CRS3035RES1000mN2875000E3756000;1;CRS3035RES4000mN2872000E3756000;150008;1.0;0.2;0.1;0.2;0.1;21095.7;30.0;0.0;0.4;0.0;0.1;0.4;92002;92002;92002
48.74942050302864, 2.3157841499837244;"{""coordinates"": [[[2.31456936626948, 48.74843290608015], [2.314292153839661, 48.750220771998364], [2.316998982961911, 48.750408093268774], [2.317276099578368, 48.748620219595054], [2.31456936626948, 48.74843290608015]]], ""type"": ""Polygon""}";CRS3035RES200mN2877800E3756800;0;CRS3035RES1000mN2877000E3756000;0;CRS3035RES200mN2877800E3756800;848864;211.5;22.0;8.0;27.0;8.0;6821044.4;5801.0;85.0;0.0;0.0;7.0;85.0;9200294034;92002;92002
48.746695262437136, 2.3025281070471015;"{""coordinates"": [[[2.301313644585798, 48.7457075233426], [2.301035978350759, 48.74749535272529], [2.303742618763595, 48.74768299483124], [2.304020189206617, 48.74589515768052], [2.301313644585798, 48.7457075233426]]], ""type"": ""Polygon""}";CRS3035RES200mN2877600E3755800;0;CRS3035RES1000mN2877000E3755000;0;CRS3035RES200mN2877600E3755800;848762;430.5;59.0;23.0;90.0;11.0;13313599.2;12447.0;101.0;62.0;28.0;13.0;163.0;92002;92002;92002
48.76334849813712, 2.308150969013958;"{""coordinates"": [[[2.306936017161677, 48.76236082128345], [2.306658411414947, 48.76414865345711], [2.309365970164074, 48.764336168284], [2.309643480034592, 48.76254832834372], [2.306936017161677, 48.76236082128345]]], ""type"": ""Polygon""}";CRS3035RES200mN2879400E3756400;0;CRS3035RES1000mN2879000E3756000;0;CRS3035RES1000mN2879000E3756000;850881;343.0;44.0;2.0;80.0;11.0;13115320.2;10666.0;145.0;4.0;0.0;7.0;149.0;92002;92002;92002
48.75789458068185, 2.281633774122768;"{""coordinates"": [[[2.280419465263522, 48.75690661955639], [2.280140951510384, 48.758694378487235], [2.2828481322623, 48.75888253511645], [2.283126550181997, 48.757094768393905], [2.280419465263522, 48.75690661955639]]], ""type"": ""Polygon""}";CRS3035RES200mN2879000E3754400;0;CRS3035RES1000mN2879000E3754000;0;CRS3035RES1000mN2879000E3754000;850832;335.5;21.0;9.0;112.0;7.0;13255165.0;12318.0;23.0;96.0;0.0;5.0;119.0;92002;92002;92002
48.75544669032381, 2.2984326377889306;"{""coordinates"": [[[2.297218056089864, 48.75445890852945], [2.296940167875042, 48.75624671873209], [2.299647268764577, 48.756434465418344], [2.299925061147484, 48.754646647441405], [2.297218056089864, 48.75445890852945]]], ""type"": ""Polygon""}";CRS3035RES200mN2878600E3755600;0;CRS3035RES1000mN2878000E3755000;0;CRS3035RES200mN2878600E3755600;850844;84.5;12.0;0.0;15.0;5.0;2899659.5;2849.0;37.0;4.0;0.0;2.0;41.0;92002;92002;92002
48.75619713569195, 2.30926099851652;"{""coordinates"": [[[2.308046187944747, 48.75520946981456], [2.30776868307304, 48.75699731109853], [2.310475858368318, 48.75718479486331], [2.31075326739782, 48.75539694581565], [2.308046187944747, 48.75520946981456]]], ""type"": ""Polygon""}";CRS3035RES200mN2878600E3756400;0;CRS3035RES1000mN2878000E3756000;0;CRS3035RES200mN2878600E3756400;850920;325.5;17.0;16.0;96.0;6.0;12163697.0;11191.0;7.0;103.0;0.0;7.0;110.0;9200294034;92002;92002
48.73615578053267, 2.3068993904968984;"{""coordinates"": [[[2.305685082541462, 48.73516808685657], [2.305407663317378, 48.73695593770019], [2.308113747681722, 48.73714346750793], [2.308391071162149, 48.73535560890333], [2.305685082541462, 48.73516808685657]]], ""type"": ""Polygon""}";CRS3035RES200mN2876400E3756000;0;CRS3035RES1000mN2876000E3756000;0;CRS3035RES1000mN2876000E3756000;848822;328.5;30.0;12.0;101.0;15.0;9789994.8;9553.0;74.0;49.0;0.0;5.0;123.0;92002;92002;92002
48.74613205205663, 2.294408413196516;"{""coordinates"": [[[2.293194122320502, 48.74514422605145], [2.292916168724844, 48.74693203211419], [2.295622753325139, 48.747119871366046], [2.295900611136499, 48.74533205752735], [2.293194122320502, 48.74514422605145]]], ""type"": ""Polygon""}";CRS3035RES200mN2877600E3755200;0;CRS3035RES1000mN2877000E3755000;0;CRS3035RES200mN2877600E3755200;848767;582.0;106.0;13.0;196.0;23.0;21030393.5;20762.7;224.0;46.0;0.0;14.0;270.0;92002;92002;92002
48.76241012167046, 2.2946136475649515;"{""coordinates"": [[[2.293398981918887, 48.761422299905554], [2.293120896829716, 48.76321009320644], [2.295828362504539, 48.76339793673633], [2.296106351730378, 48.76161013565559], [2.293398981918887, 48.761422299905554]]], ""type"": ""Polygon""}";CRS3035RES200mN2879400E3755400;1;CRS3035RES1000mN2879000E3755000;0;CRS3035RES1000mN2879000E3755000;850791;1.0;0.3;0.1;0.3;0.0;35925.3;49.6;0.0;0.5;0.0;0.0;0.5;92002;92002;92002
48.73973148541648, 2.306344597409023;"{""coordinates"": [[[2.305130218898279, 48.738743786260855], [2.304852749280909, 48.74053163253888], [2.307559025158024, 48.740719177870915], [2.307836399014764, 48.73893132383038], [2.305130218898279, 48.738743786260855]]], ""type"": ""Polygon""}";CRS3035RES200mN2876800E3756000;0;CRS3035RES1000mN2876000E3756000;0;CRS3035RES1000mN2876000E3756000;848821;215.0;25.0;6.0;34.0;12.0;5440542.0;6906.0;56.0;31.0;47.0;10.0;87.0;92002;92002;92002
48.74810767114818, 2.2968371366735276;"{""coordinates"": [[[2.295622753325139, 48.747119871366046], [2.295344870273744, 48.74890768292149], [2.298051569279829, 48.749095464232816], [2.298329356535859, 48.7473076449033], [2.295622753325139, 48.747119871366046]]], ""type"": ""Polygon""}";CRS3035RES200mN2877800E3755400;0;CRS3035RES1000mN2877000E3755000;0;CRS3035RES200mN2877800E3755400;848768;918.5;109.0;23.0;185.0;75.0;21637385.4;24118.0;372.0;0.0;0.0;42.0;372.0;92002;92002;92002
48.74904573680152, 2.3103706246913;"{""coordinates"": [[[2.309155955358117, 48.748058081892125], [2.308878551309278, 48.74984593229134], [2.311585343286703, 48.75003338500565], [2.311862651527317, 48.748245526845615], [2.309155955358117, 48.748058081892125]]], ""type"": ""Polygon""}";CRS3035RES200mN2877800E3756400;0;CRS3035RES1000mN2877000E3756000;0;CRS3035RES200mN2877800E3756400;848879;554.0;176.0;10.0;50.0;30.0;14702136.3;21056.0;264.0;51.0;0.0;32.0;315.0;92002;92002;92002
48.73945231792097, 2.276298727146612;"{""coordinates"": [[[2.275084942378263, 48.73846429743986], [2.274806394268883, 48.7402520558656], [2.277512561148172, 48.74044033171777], [2.277791013516752, 48.738652565499684], [2.275084942378263, 48.73846429743986]]], ""type"": ""Polygon""}";CRS3035RES200mN2877000E3753800;0;CRS3035RES1000mN2877000E3753000;0;CRS3035RES1000mN2877000E3753000;848655;210.0;60.0;1.0;74.0;6.0;5340577.3;6422.0;102.0;12.0;0.0;13.0;114.0;9200291377;92002;92002
48.74923315277539, 2.31307737805195;"{""coordinates"": [[[2.311862651527317, 48.748245526845615], [2.311585343286703, 48.75003338500565], [2.314292153839661, 48.750220771998364], [2.31456936626948, 48.74843290608015], [2.311862651527317, 48.748245526845615]]], ""type"": ""Polygon""}";CRS3035RES200mN2877800E3756600;0;CRS3035RES1000mN2877000E3756000;0;CRS3035RES200mN2877800E3756600;848855;34.0;8.0;1.0;0.0;1.0;1041223.0;1305.0;14.0;2.0;0.0;1.0;16.0;92002;92002;92002
48.74095639111202, 2.297948275425297;"{""coordinates"": [[[2.29673403316299, 48.7399686023088], [2.296456251052163, 48.74175642299903], [2.299162566927732, 48.741944173218506], [2.299440253277151, 48.74015634475712], [2.29673403316299, 48.7399686023088]]], ""type"": ""Polygon""}";CRS3035RES200mN2877000E3755400;0;CRS3035RES1000mN2877000E3755000;0;CRS3035RES200mN2877000E3755400;848760;340.0;28.0;10.0;108.0;13.0;12676893.7;11473.0;67.0;65.0;0.0;7.0;132.0;92002;92002;92002
48.75290740920074, 2.2878827858324886;"{""coordinates"": [[[2.286668468304782, 48.7519195142669], [2.286390222066627, 48.75370729562997], [2.289097152628864, 48.75389529744117], [2.289375303053905, 48.7521075082939], [2.286668468304782, 48.7519195142669]]], ""type"": ""Polygon""}";CRS3035RES200mN2878400E3754800;0;CRS3035RES1000mN2878000E3754000;0;CRS3035RES1000mN2878000E3754000;850805;114.0;11.0;6.0;38.0;1.0;4810932.8;5463.0;5.0;39.0;0.0;2.0;44.0;92002;92002;92002
48.74039285643791, 2.2898295551620222;"{""coordinates"": [[[2.288615484446224, 48.73940498074282], [2.288337415066619, 48.74119277810373], [2.29104367511537, 48.74138072544091], [2.291321648741286, 48.739592920300936], [2.288615484446224, 48.73940498074282]]], ""type"": ""Polygon""}";CRS3035RES200mN2877000E3754800;0;CRS3035RES1000mN2877000E3754000;0;CRS3035RES1000mN2877000E3754000;848736;318.5;55.0;10.0;31.0;23.0;6774405.0;8288.3;104.0;34.0;104.0;17.0;138.0;92002;92002;92002
48.749143818911016, 2.285732450225259;"{""coordinates"": [[[2.284518260441796, 48.7481559005112], [2.284239968957435, 48.74994367865813], [2.286946689267629, 48.75013173061935], [2.287224884958442, 48.74834394468704], [2.284518260441796, 48.7481559005112]]], ""type"": ""Polygon""}";CRS3035RES200mN2878000E3754600;0;CRS3035RES1000mN2878000E3754000;0;CRS3035RES1000mN2878000E3754000;850809;141.0;5.0;8.0;46.0;8.0;5430151.0;5644.0;0.0;48.0;0.0;1.0;48.0;9200291645;92002;92002
48.75921003942558, 2.3005841606641;"{""coordinates"": [[[2.299369451142313, 48.75822228111506], [2.299091608277426, 48.76001009453189], [2.301798919472243, 48.76019779103433], [2.302076666485644, 48.758409969844436], [2.299369451142313, 48.75822228111506]]], ""type"": ""Polygon""}";CRS3035RES200mN2879000E3755800;0;CRS3035RES1000mN2879000E3755000;0;CRS3035RES1000mN2879000E3755000;850795;172.0;14.0;12.0;43.0;6.0;7197597.0;5440.0;27.0;32.0;0.0;3.0;59.0;92002;92002;92002
48.73898079397932, 2.2955198341056544;"{""coordinates"": [[[2.294305684283138, 48.73799297895482], [2.294027831648956, 48.73978079415649], [2.29673403316299, 48.7399686023088], [2.297011790046831, 48.73818077933407], [2.294305684283138, 48.73799297895482]]], ""type"": ""Polygon""}";CRS3035RES200mN2876800E3755200;0;CRS3035RES1000mN2876000E3755000;0;CRS3035RES1000mN2876000E3755000;848776;336.5;38.0;11.0;98.0;8.0;11970600.3;11630.0;58.0;75.0;0.0;7.0;133.0;92002;92002;92002
48.743682163704406, 2.3112025797639557;"{""coordinates"": [[[2.309988016332229, 48.74269451701554], [2.309710687866337, 48.744482374254545], [2.312417192444562, 48.74466980368859], [2.312694425127707, 48.74288193869096], [2.309988016332229, 48.74269451701554]]], ""type"": ""Polygon""}";CRS3035RES200mN2877200E3756400;0;CRS3035RES1000mN2877000E3756000;0;CRS3035RES200mN2877200E3756400;848867;259.0;16.0;12.0;68.0;13.0;8869102.3;9757.0;18.0;72.0;11.0;6.0;90.0;92002;92002;92002
48.74001683813651, 2.2844171680611685;"{""coordinates"": [[[2.28320321171886, 48.73902890452196], [2.282924950839611, 48.74081668631673], [2.285631173639288, 48.74100476506209], [2.285909338770002, 48.739216975482925], [2.28320321171886, 48.73902890452196]]], ""type"": ""Polygon""}";CRS3035RES200mN2877000E3754400;0;CRS3035RES1000mN2877000E3754000;0;CRS3035RES1000mN2877000E3754000;848733;232.5;21.0;8.0;68.0;6.0;7887656.7;7958.0;20.0;67.0;0.0;3.0;87.0;92002;92002;92002
48.74029381409227, 2.314463364966963;"{""coordinates"": [[[2.313248814959307, 48.73930620185599], [2.312971632631538, 48.74109407141354], [2.315677964215456, 48.74128141962271], [2.315955050774889, 48.7394935423106], [2.313248814959307, 48.73930620185599]]], ""type"": ""Polygon""}";CRS3035RES200mN2876800E3756600;1;CRS3035RES1000mN2876000E3756000;0;CRS3035RES1000mN2876000E3756000;848816;24.0;1.2;0.6;8.4;0.0;847707.1;1025.4;0.6;8.4;0.0;0.6;9.0;9200291689;92002;92002
48.767299087161746, 2.3130112453077003;"{""coordinates"": [[[2.311796108307674, 48.76631146279698], [2.311518643892876, 48.768099305950884], [2.314226431616197, 48.76828670481622], [2.314503800132629, 48.76649885389957], [2.311796108307674, 48.76631146279698]]], ""type"": ""Polygon""}";CRS3035RES200mN2879800E3756800;1;CRS3035RES1000mN2879000E3756000;0;CRS3035RES1000mN2879000E3756000;850869;70.0;3.8;3.8;19.6;1.5;2568623.4;2917.4;0.8;23.3;0.0;1.5;24.1;92002;92002;92002
48.7504585453076, 2.3046796133454412;"{""coordinates"": [[[2.303465023106018, 48.74947082970089], [2.30318740223062, 48.75125866228982], [2.305894252849818, 48.751446254211956], [2.306171777913635, 48.749658413856196], [2.303465023106018, 48.74947082970089]]], ""type"": ""Polygon""}";CRS3035RES200mN2878000E3756000;0;CRS3035RES1000mN2878000E3756000;0;CRS3035RES200mN2878000E3756000;850927;419.0;80.0;9.0;114.0;17.0;14722335.3;14080.0;177.0;26.0;0.0;15.0;203.0;92002;92002;92002
48.736343273609904, 2.309605436274016;"{""coordinates"": [[[2.308391071162149, 48.73535560890333], [2.308113747681722, 48.73714346750793], [2.310819850616099, 48.73733093161414], [2.311097078350305, 48.73554306525111], [2.308391071162149, 48.73535560890333]]], ""type"": ""Polygon""}";CRS3035RES200mN2876400E3756200;1;CRS3035RES1000mN2876000E3756000;0;CRS3035RES1000mN2876000E3756000;848816;3.0;0.1;0.1;1.0;0.0;105963.4;128.2;0.1;1.0;0.0;0.1;1.1;92002;92002;92002
48.74867070769479, 2.304957173708367;"{""coordinates"": [[[2.303742618763595, 48.74768299483124], [2.303465023106018, 48.74947082970089], [2.306171777913635, 48.749658413856196], [2.30644927776813, 48.74787057122042], [2.303742618763595, 48.74768299483124]]], ""type"": ""Polygon""}";CRS3035RES200mN2877800E3756000;0;CRS3035RES1000mN2877000E3756000;0;CRS3035RES200mN2877800E3756000;848873;298.5;40.0;13.0;58.0;4.0;10049996.4;9402.0;74.0;43.0;0.0;6.0;117.0;92002;92002;92002
48.74199267246557, 2.286845222414735;"{""coordinates"": [[[2.285631173639288, 48.74100476506209], [2.285352983244378, 48.74279255235421], [2.288059320431306, 48.742980573178315], [2.288337415066619, 48.74119277810373], [2.285631173639288, 48.74100476506209]]], ""type"": ""Polygon""}";CRS3035RES200mN2877200E3754600;0;CRS3035RES1000mN2877000E3754000;0;CRS3035RES1000mN2877000E3754000;848738;337.5;71.0;15.0;49.0;18.0;9148076.8;10796.0;104.0;51.0;97.0;24.0;155.0;92002;92002;92002
48.73427723638525, 2.279839955207742;"{""coordinates"": [[[2.278626218917241, 48.73328925310687], [2.278347842398021, 48.735077026194546], [2.281053740718991, 48.7352652129783], [2.281332021520282, 48.733477432103115], [2.278626218917241, 48.73328925310687]]], ""type"": ""Polygon""}";CRS3035RES200mN2876400E3754000;0;CRS3035RES1000mN2876000E3754000;0;CRS3035RES200mN2876400E3754000;848796;173.5;19.0;3.0;64.0;4.0;6340617.9;6823.0;8.0;64.0;0.0;3.0;72.0;9200291377;92002;92002
48.73662928862377, 2.287679536298745;"{""coordinates"": [[[2.286465593251891, 48.73564138946213], [2.286187478639783, 48.737429183616364], [2.288893528573379, 48.73761718109526], [2.28917154745135, 48.73582937916072], [2.286465593251891, 48.73564138946213]]], ""type"": ""Polygon""}";CRS3035RES200mN2876600E3754600;0;CRS3035RES1000mN2876000E3754000;0;CRS3035RES200mN2876600E3754600;848813;1283.5;136.0;88.0;13.0;76.0;21443932.8;26541.0;432.0;12.0;368.0;102.0;444.0;92002;92002;92002
48.738417085524766, 2.2874014569268857;"{""coordinates"": [[[2.286187478639783, 48.737429183616364], [2.285909338770002, 48.739216975482925], [2.288615484446224, 48.73940498074282], [2.288893528573379, 48.73761718109526], [2.286187478639783, 48.737429183616364]]], ""type"": ""Polygon""}";CRS3035RES200mN2876800E3754600;0;CRS3035RES1000mN2876000E3754000;0;CRS3035RES200mN2876800E3754600;848799;351.5;47.0;14.0;76.0;16.0;8334220.0;9039.0;103.0;36.0;31.0;25.0;139.0;92002;92002;92002
48.742368574919624, 2.292257838271704;"{""coordinates"": [[[2.29104367511537, 48.74138072544091], [2.290765676242224, 48.743168528295314], [2.2934720506709, 48.74335641770448], [2.293749953779294, 48.74156860707295], [2.29104367511537, 48.74138072544091]]], ""type"": ""Polygon""}";CRS3035RES200mN2877200E3755000;0;CRS3035RES1000mN2877000E3755000;0;CRS3035RES200mN2877200E3755000;848752;224.0;21.0;9.0;69.0;7.0;8371295.5;9237.0;7.0;78.0;0.0;3.0;85.0;92002;92002;92002
48.757422220982164, 2.3008619429841657;"{""coordinates"": [[[2.299647268764577, 48.756434465418344], [2.299369451142313, 48.75822228111506], [2.302076666485644, 48.758409969844436], [2.302354388264918, 48.75662214637532], [2.299647268764577, 48.756434465418344]]], ""type"": ""Polygon""}";CRS3035RES200mN2878800E3755800;0;CRS3035RES1000mN2878000E3755000;0;CRS3035RES200mN2878800E3755800;850849;200.5;24.0;11.0;68.0;4.0;9594782.4;9488.0;10.0;70.0;0.0;3.0;80.0;92002;92002;92002
48.76099785558962, 2.300306353104044;"{""coordinates"": [[[2.299091608277426, 48.76001009453189], [2.298813740166655, 48.761797905669134], [2.301521147221458, 48.76198560994541], [2.301798919472243, 48.76019779103433], [2.299091608277426, 48.76001009453189]]], ""type"": ""Polygon""}";CRS3035RES200mN2879200E3755800;1;CRS3035RES1000mN2879000E3755000;0;CRS3035RES1000mN2879000E3755000;850791;1.0;0.3;0.1;0.3;0.0;35925.3;49.6;0.0;0.5;0.0;0.0;0.5;92002;92002;92002
48.767486449271715, 2.3157189943757865;"{""coordinates"": [[[2.314503800132629, 48.76649885389957], [2.314226431616197, 48.76828670481622], [2.316934237928273, 48.768474037932016], [2.317211510543762, 48.76668617925526], [2.314503800132629, 48.76649885389957]]], ""type"": ""Polygon""}";CRS3035RES200mN2879800E3757000;0;CRS3035RES1000mN2879000E3757000;0;CRS3035RES200mN2879800E3757000;850893;95.0;11.0;5.0;35.0;0.0;3920620.5;4238.0;3.0;32.0;0.0;1.0;35.0;9,20029E+14;92002;92002
48.73964055702698, 2.2790048554782474;"{""coordinates"": [[[2.277791013516752, 48.738652565499684], [2.277512561148172, 48.74044033171777], [2.28021874667383, 48.74062854186838], [2.28049710329903, 48.73884076786063], [2.277791013516752, 48.738652565499684]]], ""type"": ""Polygon""}";CRS3035RES200mN2877000E3754000;0;CRS3035RES1000mN2877000E3754000;0;CRS3035RES1000mN2877000E3754000;848740;448.0;121.0;3.0;147.0;25.0;12841883.9;14677.0;208.0;32.0;0.0;19.0;240.0;92002;92002;92002
48.768524428944694, 2.3046103929039163;"{""coordinates"": [[[2.303395392317934, 48.76753671486484], [2.303117614981537, 48.76932453243768], [2.305825442800241, 48.76951213631873], [2.306103124237491, 48.76772431097447], [2.303395392317934, 48.76753671486484]]], ""type"": ""Polygon""}";CRS3035RES200mN2880000E3756200;1;CRS3035RES1000mN2880000E3756000;0;CRS3035RES1000mN2880000E3756000;853347;11.0;0.3;0.7;2.8;0.2;597601.0;724.7;0.7;2.7;0.0;0.1;3.4;9200292071;92002;92002
48.74311959133955, 2.303083293295902;"{""coordinates"": [[[2.301868901399764, 48.742131857730634], [2.301591285601043, 48.74391969167781], [2.304297734438336, 48.744107318248425], [2.304575254462015, 48.74231947653466], [2.301868901399764, 48.742131857730634]]], ""type"": ""Polygon""}";CRS3035RES200mN2877200E3755800;0;CRS3035RES1000mN2877000E3755000;0;CRS3035RES200mN2877200E3755800;848758;300.5;38.0;7.0;82.0;13.0;10338604.7;9344.0;85.0;41.0;0.0;5.0;126.0;92002;92002;92002
48.732392523264096, 2.3047482470907554;"{""coordinates"": [[[2.303534066827351, 48.73140480609955], [2.303256602259411, 48.733192653747736], [2.30596247657379, 48.73338023372974], [2.30623984541761, 48.73159237831934], [2.303534066827351, 48.73140480609955]]], ""type"": ""Polygon""}";CRS3035RES200mN2876000E3755800;0;CRS3035RES1000mN2876000E3755000;0;CRS3035RES1000mN2876000E3755000;848782;469.0;67.0;29.0;20.0;27.0;9699990.0;11878.0;155.0;24.0;155.0;25.0;179.0;92002;92002;92002
48.756858870666434, 2.292740524488058;"{""coordinates"": [[[2.29152602195338, 48.75587102817466], [2.291247916817601, 48.75765882053835], [2.293955076302046, 48.757846706461294], [2.294233085602562, 48.756058906317286], [2.29152602195338, 48.75587102817466]]], ""type"": ""Polygon""}";CRS3035RES200mN2878800E3755200;0;CRS3035RES1000mN2878000E3755000;0;CRS3035RES200mN2878800E3755200;850868;993.0;174.0;17.0;348.0;22.0;39825431.8;39723.0;424.0;38.0;0.0;10.0;462.0;92002;92002;92002
48.73596822175553, 2.304193363291674;"{""coordinates"": [[[2.30297911249448, 48.73498049911161], [2.302701597529307, 48.73676834219154], [2.305407663317378, 48.73695593770019], [2.305685082541462, 48.73516808685657], [2.30297911249448, 48.73498049911161]]], ""type"": ""Polygon""}";CRS3035RES200mN2876400E3755800;0;CRS3035RES1000mN2876000E3755000;0;CRS3035RES1000mN2876000E3755000;848781;521.5;42.0;26.0;26.0;38.0;10518798.9;11843.0;153.0;26.0;151.0;33.0;179.0;92002;92002;92002
48.75365887509329, 2.298710465467721;"{""coordinates"": [[[2.297495919060095, 48.75267109604557], [2.297218056089864, 48.75445890852945], [2.299925061147484, 48.754646647441405], [2.300202828294289, 48.752858827183964], [2.297495919060095, 48.75267109604557]]], ""type"": ""Polygon""}";CRS3035RES200mN2878400E3755600;0;CRS3035RES1000mN2878000E3755000;0;CRS3035RES200mN2878400E3755600;850853;249.0;36.0;8.0;62.0;10.0;9100374.7;7893.0;96.0;9.0;20.0;9.0;105.0;92002;92002;92002
48.751307580078766, 2.2908677676903464;"{""coordinates"": [[[2.289653428212127, 48.75031971686291], [2.289375303053905, 48.7521075082939], [2.292082156433655, 48.75229543659982], [2.292360185784682, 48.75050763738804], [2.289653428212127, 48.75031971686291]]], ""type"": ""Polygon""}";CRS3035RES200mN2878200E3755000;0;CRS3035RES1000mN2878000E3755000;0;CRS3035RES200mN2878200E3755000;850858;354.0;35.0;18.0;99.0;10.0;13648478.0;11887.7;48.0;84.0;0.0;8.0;132.0;92002;92002;92002
48.74161650718985, 2.2814326810610575;"{""coordinates"": [[[2.28021874667383, 48.74062854186838], [2.279940364767452, 48.74241631358761], [2.282646664687679, 48.742604465823725], [2.282924950839611, 48.74081668631673], [2.28021874667383, 48.74062854186838]]], ""type"": ""Polygon""}";CRS3035RES200mN2877200E3754200;0;CRS3035RES1000mN2877000E3754000;0;CRS3035RES1000mN2877000E3754000;848742;1208.0;228.0;35.0;137.0;78.0;25025484.4;31674.0;550.0;0.0;207.0;102.0;550.0;92002;92002;92002
48.76551123898886, 2.313288649168962;"{""coordinates"": [[[2.312073547509309, 48.764523617368056], [2.311796108307674, 48.76631146279698], [2.314503800132629, 48.76649885389957], [2.314781143444404, 48.76471100070862], [2.312073547509309, 48.764523617368056]]], ""type"": ""Polygon""}";CRS3035RES200mN2879600E3756800;0;CRS3035RES1000mN2879000E3756000;0;CRS3035RES1000mN2879000E3756000;850872;115.0;10.0;1.0;39.0;5.0;3748074.1;3360.0;30.0;16.0;0.0;2.0;46.0;92002;92002;92002
48.754221784403434, 2.306831420621718;"{""coordinates"": [[[2.305616702573415, 48.753234092288004], [2.305339127081171, 48.755021928084716], [2.308046187944747, 48.75520946981456], [2.308323667605851, 48.75342162625226], [2.305616702573415, 48.753234092288004]]], ""type"": ""Polygon""}";CRS3035RES200mN2878400E3756200;0;CRS3035RES1000mN2878000E3756000;0;CRS3035RES200mN2878400E3756200;850938;814.0;213.0;12.0;236.0;31.0;27941282.8;30261.0;428.0;6.0;0.0;22.0;434.0;92002;92002;92002
48.760246528149516, 2.2894770655856553;"{""coordinates"": [[[2.288262549720209, 48.75925865118354], [2.287984298195254, 48.761046431198906], [2.290691630738432, 48.761234398419774], [2.29096978641371, 48.759446610619925], [2.288262549720209, 48.75925865118354]]], ""type"": ""Polygon""}";CRS3035RES200mN2879200E3755000;0;CRS3035RES1000mN2879000E3755000;0;CRS3035RES1000mN2879000E3755000;850798;253.5;30.0;6.0;71.0;9.0;8240968.9;7852.0;69.0;38.0;0.0;13.0;107.0;9200292019;92002;92002
48.73775606757593, 2.3039158835973113;"{""coordinates"": [[[2.302701597529307, 48.73676834219154], [2.302424057360636, 48.73855618298783], [2.305130218898279, 48.738743786260855], [2.305407663317378, 48.73695593770019], [2.302701597529307, 48.73676834219154]]], ""type"": ""Polygon""}";CRS3035RES200mN2876600E3755800;0;CRS3035RES1000mN2876000E3755000;0;CRS3035RES1000mN2876000E3755000;848775;318.0;30.0;8.0;102.0;15.0;9693219.2;9594.0;63.0;62.0;0.0;11.0;125.0;92002;92002;92002
48.748295415714274, 2.299543797084873;"{""coordinates"": [[[2.298329356535859, 48.7473076449033], [2.298051569279829, 48.749095464232816], [2.300758286892669, 48.7492831798262], [2.301035978350759, 48.74749535272529], [2.298329356535859, 48.7473076449033]]], ""type"": ""Polygon""}";CRS3035RES200mN2877800E3755600;0;CRS3035RES1000mN2877000E3755000;0;CRS3035RES200mN2877800E3755600;848745;96.5;7.0;4.0;34.0;5.0;3747031.3;4065.0;3.0;33.0;0.0;1.0;36.0;92002;92002;92002
48.75083358994196, 2.3100932559481797;"{""coordinates"": [[[2.308878551309278, 48.74984593229134], [2.308601122059611, 48.7516337804113], [2.311308009853753, 48.75182124088713], [2.311585343286703, 48.75003338500565], [2.308878551309278, 48.74984593229134]]], ""type"": ""Polygon""}";CRS3035RES200mN2878000E3756400;0;CRS3035RES1000mN2878000E3756000;0;CRS3035RES200mN2878000E3756400;850918;285.0;18.0;16.0;89.0;1.0;11088730.2;9394.0;0.0;94.0;0.0;4.0;94.0;9200294034;92002;92002
48.74754404315519, 2.288717267115981;"{""coordinates"": [[[2.287503055380479, 48.746556156469644], [2.287224884958442, 48.74834394468704], [2.289931528106808, 48.74853192314788], [2.290209602741209, 48.74674412714848], [2.287503055380479, 48.746556156469644]]], ""type"": ""Polygon""}";CRS3035RES200mN2877800E3754800;0;CRS3035RES1000mN2877000E3754000;0;CRS3035RES1000mN2877000E3754000;848730;158.0;28.0;4.0;43.0;4.0;5822993.5;6516.0;34.0;37.0;0.0;5.0;71.0;92002;92002;92002
48.74274421454623, 2.297670528582073;"{""coordinates"": [[[2.296456251052163, 48.74175642299903], [2.296178443711087, 48.74354424140511], [2.298884855356548, 48.74373199939649], [2.299162566927732, 48.741944173218506], [2.296456251052163, 48.74175642299903]]], ""type"": ""Polygon""}";CRS3035RES200mN2877200E3755400;0;CRS3035RES1000mN2877000E3755000;0;CRS3035RES200mN2877200E3755400;848749;163.0;16.0;5.0;48.0;7.0;5072807.0;5261.0;31.0;32.0;0.0;4.0;63.0;92002;92002;92002
48.73982873043239, 2.281711002451846;"{""coordinates"": [[[2.28049710329903, 48.73884076786063], [2.28021874667383, 48.74062854186838], [2.282924950839611, 48.74081668631673], [2.28320321171886, 48.73902890452196], [2.28049710329903, 48.73884076786063]]], ""type"": ""Polygon""}";CRS3035RES200mN2877000E3754200;0;CRS3035RES1000mN2877000E3754000;0;CRS3035RES1000mN2877000E3754000;848734;216.0;26.0;4.0;66.0;6.0;6936354.1;7890.0;36.0;54.0;0.0;7.0;90.0;92002;92002;92002
48.77087477668433, 2.3124563619502982;"{""coordinates"": [[[2.311241154261653, 48.76988714683008], [2.310963639410744, 48.77167498543486], [2.313671618956326, 48.77186239982789], [2.31394903789185, 48.7700745534589], [2.311241154261653, 48.76988714683008]]], ""type"": ""Polygon""}";CRS3035RES200mN2880200E3756800;0;CRS3035RES1000mN2880000E3756000;0;CRS3035RES1000mN2880000E3756000;853360;615.0;89.0;14.0;190.0;31.0;18985823.7;18369.0;245.0;20.0;0.0;35.0;265.0;9200292071;92002;92002
48.753471107205755, 2.296003517628204;"{""coordinates"": [[[2.294789028437802, 48.752483299183986], [2.294511069646727, 48.75427110389161], [2.297218056089864, 48.75445890852945], [2.297495919060095, 48.75267109604557], [2.294789028437802, 48.752483299183986]]], ""type"": ""Polygon""}";CRS3035RES200mN2878400E3755400;0;CRS3035RES1000mN2878000E3755000;0;CRS3035RES200mN2878400E3755400;850859;334.0;55.0;10.0;65.0;18.0;12196250.7;11816.0;132.0;19.0;53.0;8.0;151.0;92002;92002;92002
48.76927430293189, 2.3154416612078936;"{""coordinates"": [[[2.314226431616197, 48.76828670481622], [2.31394903789185, 48.7700745534589], [2.316656940113373, 48.77026189433553], [2.316934237928273, 48.768474037932016], [2.314226431616197, 48.76828670481622]]], ""type"": ""Polygon""}";CRS3035RES200mN2880000E3757000;0;CRS3035RES1000mN2880000E3757000;0;CRS3035RES200mN2880000E3757000;853412;860.5;128.0;16.0;245.0;38.0;24403619.0;25842.8;350.0;19.0;0.0;45.0;369.0;92002;92002;92002
48.75987047002643, 2.2840625336361415;"{""coordinates"": [[[2.2828481322623, 48.75888253511645], [2.282569689045725, 48.760670299555024], [2.285276984295599, 48.76085839824376], [2.285555331667657, 48.759070626015465], [2.2828481322623, 48.75888253511645]]], ""type"": ""Polygon""}";CRS3035RES200mN2879200E3754600;0;CRS3035RES1000mN2879000E3754000;0;CRS3035RES1000mN2879000E3754000;850822;67.0;1.0;3.0;7.0;4.0;1825610.4;1887.0;8.0;12.0;11.0;0.0;20.0;9200292019;92002;92002
48.75845874310057, 2.289755256548046;"{""coordinates"": [[[2.288540775965285, 48.75747086888564], [2.288262549720209, 48.75925865118354], [2.29096978641371, 48.759446610619925], [2.291247916817601, 48.75765882053835], [2.288540775965285, 48.75747086888564]]], ""type"": ""Polygon""}";CRS3035RES200mN2879000E3755000;1;CRS3035RES1000mN2879000E3755000;0;CRS3035RES1000mN2879000E3755000;850791;22.0;6.1;1.2;7.3;0.0;790356.9;1090.8;0.6;10.4;0.0;0.0;11.0;92002;92002;92002
48.75243394358416, 2.307108935592705;"{""coordinates"": [[[2.305894252849818, 48.751446254211956], [2.305616702573415, 48.753234092288004], [2.308323667605851, 48.75342162625226], [2.308601122059611, 48.7516337804113], [2.305894252849818, 48.751446254211956]]], ""type"": ""Polygon""}";CRS3035RES200mN2878200E3756200;0;CRS3035RES1000mN2878000E3756000;0;CRS3035RES200mN2878200E3756200;850926;384.5;89.0;3.0;114.0;13.0;13314634.9;13417.0;171.0;29.0;0.0;10.0;200.0;92002;92002;92002
48.74151933443508, 2.3060671630732203;"{""coordinates"": [[[2.304852749280909, 48.74053163253888], [2.304575254462015, 48.74231947653466], [2.307281626108251, 48.74250702962987], [2.307559025158024, 48.740719177870915], [2.304852749280909, 48.74053163253888]]], ""type"": ""Polygon""}";CRS3035RES200mN2877000E3756000;0;CRS3035RES1000mN2877000E3756000;0;CRS3035RES200mN2877000E3756000;848874;375.0;44.0;15.0;93.0;13.0;10935794.0;11041.0;103.0;42.0;0.0;12.0;145.0;92002;92002;92002
48.75610681671257, 2.2819122273103503;"{""coordinates"": [[[2.280697953714564, 48.75511885834052], [2.280419465263522, 48.75690661955639], [2.283126550181997, 48.757094768393905], [2.283404942808092, 48.755306999387166], [2.280697953714564, 48.75511885834052]]], ""type"": ""Polygon""}";CRS3035RES200mN2878800E3754400;0;CRS3035RES1000mN2878000E3754000;0;CRS3035RES1000mN2878000E3754000;850815;230.0;22.0;3.0;80.0;7.0;8220994.1;8880.0;33.0;60.0;0.0;3.0;93.0;92002;92002;92002
48.756670955769316, 2.290033422236456;"{""coordinates"": [[[2.288818976933746, 48.75568308430495], [2.288540775965285, 48.75747086888564], [2.291247916817601, 48.75765882053835], [2.29152602195338, 48.75587102817466], [2.288818976933746, 48.75568308430495]]], ""type"": ""Polygon""}";CRS3035RES200mN2878800E3755000;0;CRS3035RES1000mN2878000E3755000;0;CRS3035RES200mN2878800E3755000;850845;162.0;9.0;9.0;51.0;3.0;6080006.6;4918.0;1.0;53.0;0.0;4.0;54.0;92002;92002;92002
48.75591863890763, 2.279205199632054;"{""coordinates"": [[[2.277990983275557, 48.75493065156974], [2.277712399002153, 48.75671840499199], [2.280419465263522, 48.75690661955639], [2.280697953714564, 48.75511885834052], [2.277990983275557, 48.75493065156974]]], ""type"": ""Polygon""}";CRS3035RES200mN2878800E3754200;0;CRS3035RES1000mN2878000E3754000;0;CRS3035RES1000mN2878000E3754000;850806;138.0;6.0;11.0;42.0;2.0;6003846.0;5670.0;1.0;44.0;0.0;1.0;45.0;92002;92002;92002
48.74255642758671, 2.2949641741233386;"{""coordinates"": [[[2.293749953779294, 48.74156860707295], [2.2934720506709, 48.74335641770448], [2.296178443711087, 48.74354424140511], [2.296456251052163, 48.74175642299903], [2.293749953779294, 48.74156860707295]]], ""type"": ""Polygon""}";CRS3035RES200mN2877200E3755200;0;CRS3035RES1000mN2877000E3755000;0;CRS3035RES200mN2877200E3755200;848748;183.5;14.0;12.0;50.0;8.0;5866954.3;5725.0;15.0;47.0;0.0;4.0;62.0;92002;92002;92002
48.74293193579741, 2.300376901641667;"{""coordinates"": [[[2.299162566927732, 48.741944173218506], [2.298884855356548, 48.74373199939649], [2.301591285601043, 48.74391969167781], [2.301868901399764, 48.742131857730634], [2.299162566927732, 48.741944173218506]]], ""type"": ""Polygon""}";CRS3035RES200mN2877200E3755600;0;CRS3035RES1000mN2877000E3755000;0;CRS3035RES200mN2877200E3755600;848759;348.0;29.0;12.0;98.0;13.0;12303488.5;10925.0;75.0;53.0;0.0;9.0;128.0;92002;92002;92002
48.74763263209353, 2.316061301918798;"{""coordinates"": [[[2.314846553518715, 48.74664503788382], [2.31456936626948, 48.74843290608015], [2.317276099578368, 48.748620219595054], [2.317553191022733, 48.74683234364392], [2.314846553518715, 48.74664503788382]]], ""type"": ""Polygon""}";CRS3035RES200mN2877600E3756800;0;CRS3035RES1000mN2877000E3756000;0;CRS3035RES200mN2877600E3756800;848859;161.5;23.0;6.0;0.0;19.0;3032272.7;4620.0;70.0;0.0;70.0;13.0;70.0;92002;92002;92002
48.737852785769206, 2.2792832473341718;"{""coordinates"": [[[2.278069440598948, 48.73686479699207], [2.277791013516752, 48.738652565499684], [2.28049710329903, 48.73884076786063], [2.280775434646329, 48.73705299156405], [2.278069440598948, 48.73686479699207]]], ""type"": ""Polygon""}";CRS3035RES200mN2876800E3754000;0;CRS3035RES1000mN2876000E3754000;0;CRS3035RES200mN2876800E3754000;848795;166.5;14.0;10.0;57.0;5.0;6910343.3;7178.0;2.0;61.0;0.0;0.0;63.0;92002;92002;92002
48.76062232333919, 2.29489167209161;"{""coordinates"": [[[2.293677041741911, 48.759634504323955], [2.293398981918887, 48.761422299905554], [2.296106351730378, 48.76161013565559], [2.296384315698565, 48.75982233229484], [2.293677041741911, 48.759634504323955]]], ""type"": ""Polygon""}";CRS3035RES200mN2879200E3755400;0;CRS3035RES1000mN2879000E3755000;0;CRS3035RES1000mN2879000E3755000;850794;116.0;7.0;7.0;33.0;3.0;4559895.0;3554.0;1.0;36.0;0.0;3.0;37.0;92002;92002;92002
48.7550710732713, 2.2930185690760103;"{""coordinates"": [[[2.29180410182431, 48.7540832335286], [2.29152602195338, 48.75587102817466], [2.294233085602562, 48.756058906317286], [2.294511069646727, 48.75427110389161], [2.29180410182431, 48.7540832335286]]], ""type"": ""Polygon""}";CRS3035RES200mN2878600E3755200;0;CRS3035RES1000mN2878000E3755000;0;CRS3035RES200mN2878600E3755200;850848;184.5;22.0;0.0;45.0;6.0;5769937.3;5120.0;66.0;12.0;19.0;7.0;78.0;92002;92002;92002
48.75582204446598, 2.3038467809524232;"{""coordinates"": [[[2.302632084813332, 48.754834320626735], [2.302354388264918, 48.75662214637532], [2.305061526369823, 48.75680976160229], [2.305339127081171, 48.755021928084716], [2.302632084813332, 48.754834320626735]]], ""type"": ""Polygon""}";CRS3035RES200mN2878600E3756000;0;CRS3035RES1000mN2878000E3756000;0;CRS3035RES200mN2878600E3756000;850937;779.5;147.0;14.0;262.0;31.0;33157566.0;28086.0;339.0;32.0;0.0;10.0;371.0;92002;92002;92002
48.74547002368306, 2.3109252865959307;"{""coordinates"": [[[2.309710687866337, 48.744482374254545], [2.309433334209385, 48.74627022921329], [2.312139934578853, 48.746457666406684], [2.312417192444562, 48.74466980368859], [2.309710687866337, 48.744482374254545]]], ""type"": ""Polygon""}";CRS3035RES200mN2877400E3756400;0;CRS3035RES1000mN2877000E3756000;0;CRS3035RES200mN2877400E3756400;848862;234.0;16.0;12.0;77.0;4.0;8046545.4;8614.0;11.0;72.0;0.0;6.0;83.0;92002;92002;92002
48.766548981250565, 2.3021804350037924;"{""coordinates"": [[[2.300965526994672, 48.76556124093222], [2.30068767901214, 48.76734905300858], [2.303395392317934, 48.76753671486484], [2.303673144412394, 48.765748895015115], [2.300965526994672, 48.76556124093222]]], ""type"": ""Polygon""}";CRS3035RES200mN2879800E3756000;1;CRS3035RES1000mN2879000E3756000;0;CRS3035RES1000mN2879000E3756000;850869;4.0;0.2;0.2;1.1;0.1;146778.5;166.7;0.1;1.3;0.0;0.1;1.4;92002;92002;92002
48.7710621543186, 2.3151643028347055;"{""coordinates"": [[[2.31394903789185, 48.7700745534589], [2.313671618956326, 48.77186239982789], [2.3163796170958, 48.77204974846608], [2.316656940113373, 48.77026189433553], [2.31394903789185, 48.7700745534589]]], ""type"": ""Polygon""}";CRS3035RES200mN2880200E3757000;0;CRS3035RES1000mN2880000E3757000;0;CRS3035RES200mN2880200E3757000;853408;627.5;94.0;18.0;198.0;26.0;19493548.0;19908.1;212.0;56.0;0.0;24.0;268.0;9200292014;92002;92002
48.760434458611385, 2.2921843595221914;"{""coordinates"": [[[2.29096978641371, 48.759446610619925], [2.290691630738432, 48.761234398419774], [2.293398981918887, 48.761422299905554], [2.293677041741911, 48.759634504323955], [2.29096978641371, 48.759446610619925]]], ""type"": ""Polygon""}";CRS3035RES200mN2879200E3755200;0;CRS3035RES1000mN2879000E3755000;0;CRS3035RES1000mN2879000E3755000;850793;69.5;6.0;2.0;21.0;3.0;2225018.8;2177.0;5.0;22.0;0.0;3.0;27.0;9200292019;92002;92002
48.747356035728394, 2.2860106811764376;"{""coordinates"": [[[2.284796526648897, 48.74636812007845], [2.284518260441796, 48.7481559005112], [2.287224884958442, 48.74834394468704], [2.287503055380479, 48.746556156469644], [2.284796526648897, 48.74636812007845]]], ""type"": ""Polygon""}";CRS3035RES200mN2877800E3754600;0;CRS3035RES1000mN2877000E3754000;0;CRS3035RES1000mN2877000E3754000;848732;191.5;23.0;6.0;42.0;9.0;6594929.8;6027.0;64.0;20.0;0.0;5.0;84.0;9200291645;92002;92002
48.750270924408404, 2.3019728199296;"{""coordinates"": [[[2.300758286892669, 48.7492831798262], [2.300480570208268, 48.75107100464565], [2.30318740223062, 48.75125866228982], [2.303465023106018, 48.74947082970089], [2.300758286892669, 48.7492831798262]]], ""type"": ""Polygon""}";CRS3035RES200mN2878000E3755800;0;CRS3035RES1000mN2878000E3755000;0;CRS3035RES200mN2878000E3755800;850856;281.0;47.0;10.0;91.0;6.0;12680365.0;12018.0;74.0;51.0;0.0;5.0;125.0;92002;92002;92002
48.742081686387486, 2.3141862179373485;"{""coordinates"": [[[2.312971632631538, 48.74109407141354], [2.312694425127707, 48.74288193869096], [2.315400852488448, 48.743069294655385], [2.315677964215456, 48.74128141962271], [2.312971632631538, 48.74109407141354]]], ""type"": ""Polygon""}";CRS3035RES200mN2877000E3756600;0;CRS3035RES1000mN2877000E3756000;0;CRS3035RES200mN2877000E3756600;848858;207.0;1.0;11.0;59.0;1.0;8752385.6;7945.0;0.0;62.0;0.0;0.0;62.0;9200291689;92002;92002
48.75977282146895, 2.308706034194251;"{""coordinates"": [[[2.307491152987463, 48.75878515010445], [2.307213597684764, 48.760572986832656], [2.309920964689965, 48.76076048612702], [2.310198424133457, 48.75897264163365], [2.307491152987463, 48.75878515010445]]], ""type"": ""Polygon""}";CRS3035RES200mN2879000E3756400;0;CRS3035RES1000mN2879000E3756000;0;CRS3035RES1000mN2879000E3756000;850880;365.0;34.0;6.0;65.0;20.0;13134385.3;12534.0;84.0;61.0;50.0;9.0;145.0;92002;92002;92002
48.73794363411579, 2.306622006549166;"{""coordinates"": [[[2.305407663317378, 48.73695593770019], [2.305130218898279, 48.738743786260855], [2.307836399014764, 48.73893132383038], [2.308113747681722, 48.73714346750793], [2.305407663317378, 48.73695593770019]]], ""type"": ""Polygon""}";CRS3035RES200mN2876600E3756000;0;CRS3035RES1000mN2876000E3756000;0;CRS3035RES1000mN2876000E3756000;848818;49.0;6.0;2.0;15.0;1.0;1644190.4;1595.0;3.0;16.0;0.0;0.0;19.0;92002;92002;92002
48.75600962294384, 2.3065538804375265;"{""coordinates"": [[[2.305339127081171, 48.755021928084716], [2.305061526369823, 48.75680976160229], [2.30776868307304, 48.75699731109853], [2.308046187944747, 48.75520946981456], [2.305339127081171, 48.755021928084716]]], ""type"": ""Polygon""}";CRS3035RES200mN2878600E3756200;0;CRS3035RES1000mN2878000E3756000;0;CRS3035RES200mN2878600E3756200;850932;611.5;109.0;11.0;165.0;19.0;22305216.0;20704.0;240.0;48.0;0.0;16.0;288.0;92002;92002;92002
48.75949414897575, 2.2786480762930688;"{""coordinates"": [[[2.277433789418151, 48.758506156128554], [2.277155154520282, 48.7602939049797], [2.279862412451868, 48.76048213513341], [2.280140951510384, 48.758694378487235], [2.277433789418151, 48.758506156128554]]], ""type"": ""Polygon""}";CRS3035RES200mN2879200E3754200;0;CRS3035RES1000mN2879000E3754000;0;CRS3035RES1000mN2879000E3754000;850831;311.0;26.0;9.0;14.0;27.0;7443066.6;8223.0;102.0;14.0;102.0;11.0;116.0;9200292019;92002;92002
48.74114410459303, 2.3006545527179636;"{""coordinates"": [[[2.299440253277151, 48.74015634475712], [2.299162566927732, 48.741944173218506], [2.301868901399764, 48.742131857730634], [2.302146491985207, 48.740344021500746], [2.299440253277151, 48.74015634475712]]], ""type"": ""Polygon""}";CRS3035RES200mN2877000E3755600;0;CRS3035RES1000mN2877000E3755000;0;CRS3035RES200mN2877000E3755600;848754;241.5;32.0;10.0;68.0;7.0;8665210.2;9531.0;36.0;59.0;0.0;7.0;95.0;9200291377;92002;92002
48.74133175236762, 2.3033608486026904;"{""coordinates"": [[[2.302146491985207, 48.740344021500746], [2.301868901399764, 48.742131857730634], [2.304575254462015, 48.74231947653466], [2.304852749280909, 48.74053163253888], [2.302146491985207, 48.740344021500746]]], ""type"": ""Polygon""}";CRS3035RES200mN2877000E3755800;0;CRS3035RES1000mN2877000E3755000;0;CRS3035RES200mN2877000E3755800;848763;430.0;72.0;11.0;87.0;18.0;11459797.5;12131.0;137.0;52.0;14.0;32.0;189.0;9200291377;92002;92002
48.75149547163417, 2.293574582478267;"{""coordinates"": [[[2.292360185784682, 48.75050763738804], [2.292082156433655, 48.75229543659982], [2.294789028437802, 48.752483299183986], [2.295066961979054, 48.75069549219404], [2.292360185784682, 48.75050763738804]]], ""type"": ""Polygon""}";CRS3035RES200mN2878200E3755200;0;CRS3035RES1000mN2878000E3755000;0;CRS3035RES200mN2878200E3755200;850850;256.5;12.0;14.0;77.0;5.0;11409823.0;10234.0;0.0;87.0;0.0;2.0;87.0;92002;92002;92002
48.74688286780145, 2.305234708859349;"{""coordinates"": [[[2.304020189206617, 48.74589515768052], [2.303742618763595, 48.74768299483124], [2.30644927776813, 48.74787057122042], [2.306726752416559, 48.7460827263043], [2.304020189206617, 48.74589515768052]]], ""type"": ""Polygon""}";CRS3035RES200mN2877600E3756000;0;CRS3035RES1000mN2877000E3756000;0;CRS3035RES200mN2877600E3756000;848875;487.0;51.0;24.0;136.0;17.0;16741230.8;15065.0;94.0;96.0;0.0;12.0;190.0;92002;92002;92002
48.770687333296884, 2.3097484396616266;"{""coordinates"": [[[2.308533289229031, 48.76969967444977], [2.308255678465316, 48.77148750528771], [2.310963639410744, 48.77167498543486], [2.311241154261653, 48.76988714683008], [2.308533289229031, 48.76969967444977]]], ""type"": ""Polygon""}";CRS3035RES200mN2880200E3756600;0;CRS3035RES1000mN2880000E3756000;0;CRS3035RES1000mN2880000E3756000;853352;107.0;10.0;5.0;34.0;3.0;5778601.6;5948.0;4.0;36.0;0.0;1.0;40.0;9200292071;92002;92002
48.73766455445383, 2.276577214740374;"{""coordinates"": [[[2.275363465192774, 48.73667653672383], [2.275084942378263, 48.73846429743986], [2.277791013516752, 48.738652565499684], [2.278069440598948, 48.73686479699207], [2.275363465192774, 48.73667653672383]]], ""type"": ""Polygon""}";CRS3035RES200mN2876800E3753800;0;CRS3035RES1000mN2876000E3753000;0;CRS3035RES1000mN2876000E3753000;848693;221.5;15.0;9.0;70.0;8.0;7365345.3;8238.0;10.0;70.0;0.0;6.0;80.0;9200291377;92002;92002
48.73804095138663, 2.281989298567343;"{""coordinates"": [[[2.280775434646329, 48.73705299156405], [2.28049710329903, 48.73884076786063], [2.28320321171886, 48.73902890452196], [2.283481447328685, 48.737241120439066], [2.280775434646329, 48.73705299156405]]], ""type"": ""Polygon""}";CRS3035RES200mN2876800E3754200;0;CRS3035RES1000mN2876000E3754000;0;CRS3035RES200mN2876800E3754200;848791;86.0;11.0;2.0;25.0;7.0;2181735.2;3322.0;7.0;29.0;0.0;5.0;36.0;92002;92002;92002
48.7443442409637, 2.2946863062796226;"{""coordinates"": [[[2.2934720506709, 48.74335641770448], [2.293194122320502, 48.74514422605145], [2.295900611136499, 48.74533205752735], [2.296178443711087, 48.74354424140511], [2.2934720506709, 48.74335641770448]]], ""type"": ""Polygon""}";CRS3035RES200mN2877400E3755200;0;CRS3035RES1000mN2877000E3755000;0;CRS3035RES200mN2877400E3755200;848755;295.0;25.0;14.0;93.0;2.0;10768716.2;10918.0;12.0;92.0;0.0;1.0;104.0;92002;92002;92002
48.75074351109482, 2.2827474351089143;"{""coordinates"": [[[2.281533267287778, 48.74975556097995], [2.28125485472342, 48.75154332905262], [2.28396165219254, 48.75173145451957], [2.284239968957435, 48.74994367865813], [2.281533267287778, 48.74975556097995]]], ""type"": ""Polygon""}";CRS3035RES200mN2878200E3754400;0;CRS3035RES1000mN2878000E3754000;0;CRS3035RES1000mN2878000E3754000;850807;143.0;4.0;9.0;46.0;4.0;5867694.3;5440.0;0.0;47.0;0.0;0.0;47.0;9200291645;92002;92002
48.753283273593986, 2.293296588404986;"{""coordinates"": [[[2.292082156433655, 48.75229543659982], [2.29180410182431, 48.7540832335286], [2.294511069646727, 48.75427110389161], [2.294789028437802, 48.752483299183986], [2.292082156433655, 48.75229543659982]]], ""type"": ""Polygon""}";CRS3035RES200mN2878400E3755200;0;CRS3035RES1000mN2878000E3755000;0;CRS3035RES200mN2878400E3755200;850860;389.0;53.0;11.0;135.0;10.0;17287167.3;15547.0;78.0;90.0;0.0;5.0;168.0;92002;92002;92002
48.754130880445466, 2.2794837233428322;"{""coordinates"": [[[2.278269542241634, 48.75314289586142], [2.277990983275557, 48.75493065156974], [2.280697953714564, 48.75511885834052], [2.28097641686677, 48.753331094839375], [2.278269542241634, 48.75314289586142]]], ""type"": ""Polygon""}";CRS3035RES200mN2878600E3754200;0;CRS3035RES1000mN2878000E3754000;0;CRS3035RES1000mN2878000E3754000;850804;97.0;3.0;6.0;28.0;2.0;4825029.0;4061.0;0.0;30.0;0.0;0.0;30.0;9200291645;92002;92002
48.74330718117191, 2.30578970353852;"{""coordinates"": [[[2.304575254462015, 48.74231947653466], [2.304297734438336, 48.744107318248425], [2.307004201862182, 48.74429487910757], [2.307281626108251, 48.74250702962987], [2.304575254462015, 48.74231947653466]]], ""type"": ""Polygon""}";CRS3035RES200mN2877200E3756000;0;CRS3035RES1000mN2877000E3756000;0;CRS3035RES200mN2877200E3756000;848863;247.0;11.0;8.0;74.0;10.0;8655304.8;8702.0;13.0;72.0;0.0;7.0;85.0;92002;92002;92002
48.74058076703375, 2.2925357766410954;"{""coordinates"": [[[2.291321648741286, 48.739592920300936], [2.29104367511537, 48.74138072544091], [2.293749953779294, 48.74156860707295], [2.294027831648956, 48.73978079415649], [2.291321648741286, 48.739592920300936]]], ""type"": ""Polygon""}";CRS3035RES200mN2877000E3755000;0;CRS3035RES1000mN2877000E3755000;0;CRS3035RES200mN2877000E3755000;848750;205.0;23.0;12.0;67.0;8.0;6442767.6;6712.6;20.0;58.0;0.0;4.0;78.0;92002;92002;92002
48.75488316615549, 2.2903115626541313;"{""coordinates"": [[[2.289097152628864, 48.75389529744117], [2.288818976933746, 48.75568308430495], [2.29152602195338, 48.75587102817466], [2.29180410182431, 48.7540832335286], [2.289097152628864, 48.75389529744117]]], ""type"": ""Polygon""}";CRS3035RES200mN2878600E3755000;0;CRS3035RES1000mN2878000E3755000;0;CRS3035RES200mN2878600E3755000;850863;435.5;59.0;7.0;101.0;23.0;14063423.5;14356.0;138.0;54.0;61.0;16.0;192.0;92002;92002;92002
48.76946160705243, 2.318149524766794;"{""coordinates"": [[[2.316934237928273, 48.768474037932016], [2.316656940113373, 48.77026189433553], [2.319364860919964, 48.77044916945924], [2.319642062822843, 48.768661305297556], [2.316934237928273, 48.768474037932016]]], ""type"": ""Polygon""}";CRS3035RES200mN2880000E3757200;0;CRS3035RES1000mN2880000E3757000;0;CRS3035RES200mN2880000E3757200;853399;247.5;32.0;6.0;7.0;20.0;5201472.4;6292.0;94.0;7.0;94.0;9.0;101.0;9200294038;92002;92002
48.738229051305396, 2.284695368433663;"{""coordinates"": [[[2.283481447328685, 48.737241120439066], [2.28320321171886, 48.73902890452196], [2.285909338770002, 48.739216975482925], [2.286187478639783, 48.737429183616364], [2.283481447328685, 48.737241120439066]]], ""type"": ""Polygon""}";CRS3035RES200mN2876800E3754400;0;CRS3035RES1000mN2876000E3754000;0;CRS3035RES200mN2876800E3754400;848797;193.5;29.0;3.0;40.0;11.0;5343208.0;6420.0;49.0;38.0;0.0;8.0;87.0;92002;92002;92002
48.758270754690734, 2.287048077094757;"{""coordinates"": [[[2.285833653751334, 48.75728285150391], [2.285555331667657, 48.759070626015465], [2.288262549720209, 48.75925865118354], [2.288540775965285, 48.75747086888564], [2.285833653751334, 48.75728285150391]]], ""type"": ""Polygon""}";CRS3035RES200mN2879000E3754800;0;CRS3035RES1000mN2879000E3754000;0;CRS3035RES1000mN2879000E3754000;850829;204.5;8.0;10.0;66.0;2.0;7881501.8;7026.0;0.0;68.0;0.0;0.0;68.0;92002;92002;92002
48.73465347077912, 2.2852516933912796;"{""coordinates"": [[[2.284037842753145, 48.73366554540769], [2.283759657672361, 48.735453334067735], [2.286465593251891, 48.73564138946213], [2.286743682609595, 48.73385359301988], [2.284037842753145, 48.73366554540769]]], ""type"": ""Polygon""}";CRS3035RES200mN2876400E3754400;0;CRS3035RES1000mN2876000E3754000;0;CRS3035RES200mN2876400E3754400;848809;684.0;78.0;39.0;76.0;48.0;12562888.7;15676.0;241.0;6.0;146.0;52.0;247.0;9200291377;92002;92002
48.73644126218636, 2.284973543542606;"{""coordinates"": [[[2.283759657672361, 48.735453334067735], [2.283481447328685, 48.737241120439066], [2.286187478639783, 48.737429183616364], [2.286465593251891, 48.73564138946213], [2.283759657672361, 48.735453334067735]]], ""type"": ""Polygon""}";CRS3035RES200mN2876600E3754400;0;CRS3035RES1000mN2876000E3754000;0;CRS3035RES200mN2876600E3754400;848804;585.5;49.0;33.0;83.0;25.0;13583764.1;14260.0;171.0;28.0;81.0;34.0;199.0;92002;92002;92002
48.75469519331426, 2.287604574863621;"{""coordinates"": [[[2.286390222066627, 48.75370729562997], [2.286111950549901, 48.755495074708875], [2.288818976933746, 48.75568308430495], [2.289097152628864, 48.75389529744117], [2.286390222066627, 48.75370729562997]]], ""type"": ""Polygon""}";CRS3035RES200mN2878600E3754800;0;CRS3035RES1000mN2878000E3754000;0;CRS3035RES1000mN2878000E3754000;850819;397.5;35.0;12.0;134.0;19.0;15004806.0;15527.0;67.0;87.0;0.0;6.0;154.0;92002;92002;92002
48.74791986086581, 2.2941304948707653;"{""coordinates"": [[[2.292916168724844, 48.74693203211419], [2.292638189880655, 48.748719835892935], [2.295344870273744, 48.74890768292149], [2.295622753325139, 48.747119871366046], [2.292916168724844, 48.74693203211419]]], ""type"": ""Polygon""}";CRS3035RES200mN2877800E3755200;0;CRS3035RES1000mN2877000E3755000;0;CRS3035RES200mN2877800E3755200;848746;105.0;25.0;1.0;35.0;3.0;2730420.2;3393.0;51.0;2.0;0.0;9.0;53.0;92002;92002;92002
48.74396845436759, 2.289273461651733;"{""coordinates"": [[[2.288059320431306, 48.742980573178315], [2.287781200537014, 48.74476836596684], [2.290487652118594, 48.74495632886438], [2.290765676242224, 48.743168528295314], [2.288059320431306, 48.742980573178315]]], ""type"": ""Polygon""}";CRS3035RES200mN2877400E3754800;0;CRS3035RES1000mN2877000E3754000;0;CRS3035RES1000mN2877000E3754000;848739;555.0;57.0;12.0;159.0;23.0;18870213.4;16966.7;182.0;43.0;11.0;8.0;225.0;92002;92002;92002
48.74471976471888, 2.3000992253462336;"{""coordinates"": [[[2.298884855356548, 48.74373199939649], [2.298607118560342, 48.7455198232913], [2.301313644585798, 48.7457075233426], [2.301591285601043, 48.74391969167781], [2.298884855356548, 48.74373199939649]]], ""type"": ""Polygon""}";CRS3035RES200mN2877400E3755600;0;CRS3035RES1000mN2877000E3755000;0;CRS3035RES200mN2877400E3755600;848753;289.0;15.0;16.0;89.0;6.0;11425246.7;10629.0;5.0;88.0;0.0;0.0;93.0;92002;92002;92002
48.75629492879166, 2.2846192736413586;"{""coordinates"": [[[2.283404942808092, 48.755306999387166], [2.283126550181997, 48.757094768393905], [2.285833653751334, 48.75728285150391], [2.286111950549901, 48.755495074708875], [2.283404942808092, 48.755306999387166]]], ""type"": ""Polygon""}";CRS3035RES200mN2878800E3754600;0;CRS3035RES1000mN2878000E3754000;0;CRS3035RES1000mN2878000E3754000;850814;183.0;20.0;4.0;57.0;5.0;6997889.8;6281.0;28.0;42.0;0.0;5.0;70.0;92002;92002;92002
48.74960778756055, 2.3184909404803866;"{""coordinates"": [[[2.317276099578368, 48.748620219595054], [2.316998982961911, 48.750408093268774], [2.319705830647208, 48.75059534881612], [2.319982851447734, 48.748807467389554], [2.317276099578368, 48.748620219595054]]], ""type"": ""Polygon""}";CRS3035RES200mN2877800E3757000;0;CRS3035RES1000mN2877000E3757000;0;CRS3035RES1000mN2877000E3757000;848829;203.5;16.0;4.0;18.0;14.0;5686804.5;5088.0;79.0;0.0;50.0;1.0;79.0;9200294034;92002;92002
48.74142832599572, 2.2787264383385497;"{""coordinates"": [[[2.277512561148172, 48.74044033171777], [2.277234083489932, 48.74222809564658], [2.279940364767452, 48.74241631358761], [2.28021874667383, 48.74062854186838], [2.277512561148172, 48.74044033171777]]], ""type"": ""Polygon""}";CRS3035RES200mN2877200E3754000;1;CRS3035RES1000mN2877000E3754000;0;CRS3035RES1000mN2877000E3754000;848727;5.0;0.4;0.1;1.0;0.4;164914.7;199.0;0.9;1.1;0.0;0.1;2.0;9200291645;92002;92002
48.75253128191938, 2.282469057800164;"{""coordinates"": [[[2.28125485472342, 48.75154332905262], [2.28097641686677, 48.753331094839375], [2.283683310143851, 48.75351922809581], [2.28396165219254, 48.75173145451957], [2.28125485472342, 48.75154332905262]]], ""type"": ""Polygon""}";CRS3035RES200mN2878400E3754400;0;CRS3035RES1000mN2878000E3754000;0;CRS3035RES1000mN2878000E3754000;850808;141.0;5.0;7.0;44.0;2.0;6249396.4;6171.0;0.0;47.0;0.0;3.0;47.0;92002;92002;92002
48.74951978361525, 2.291145832315424;"{""coordinates"": [[[2.289931528106808, 48.74853192314788], [2.289653428212127, 48.75031971686291], [2.292360185784682, 48.75050763738804], [2.292638189880655, 48.748719835892935], [2.289931528106808, 48.74853192314788]]], ""type"": ""Polygon""}";CRS3035RES200mN2878000E3755000;0;CRS3035RES1000mN2878000E3755000;0;CRS3035RES200mN2878000E3755000;850846;169.5;20.0;6.0;59.0;6.0;7187384.3;7596.0;10.0;60.0;0.0;5.0;70.0;92002;92002;92002
48.750646100485696, 2.3073864253537177;"{""coordinates"": [[[2.306171777913635, 48.749658413856196], [2.305894252849818, 48.751446254211956], [2.308601122059611, 48.7516337804113], [2.308878551309278, 48.74984593229134], [2.306171777913635, 48.749658413856196]]], ""type"": ""Polygon""}";CRS3035RES200mN2878000E3756200;0;CRS3035RES1000mN2878000E3756000;0;CRS3035RES200mN2878000E3756200;850919;289.5;29.0;14.0;96.0;8.0;12355608.2;10807.0;7.0;98.0;0.0;3.0;105.0;92002;92002;92002
48.75939769917462, 2.3032914332376118;"{""coordinates"": [[[2.302076666485644, 48.758409969844436], [2.301798919472243, 48.76019779103433], [2.304506249276775, 48.76038542180152], [2.304783900436111, 48.75859759284112], [2.302076666485644, 48.758409969844436]]], ""type"": ""Polygon""}";CRS3035RES200mN2879000E3756000;0;CRS3035RES1000mN2879000E3756000;0;CRS3035RES1000mN2879000E3756000;850888;821.5;112.0;26.0;226.0;32.0;24438035.9;23898.8;295.0;36.0;0.0;24.0;331.0;92002;92002;92002
48.73474282960463, 2.312588667891382;"{""coordinates"": [[[2.311374280909721, 48.73375519660629], [2.311097078350305, 48.73554306525111], [2.313803104099684, 48.73573045589924], [2.314080210918795, 48.733942579499384], [2.311374280909721, 48.73375519660629]]], ""type"": ""Polygon""}";CRS3035RES200mN2876200E3756400;1;CRS3035RES1000mN2876000E3756000;0;CRS3035RES1000mN2876000E3756000;848816;2.0;0.1;0.0;0.7;0.0;70642.3;85.4;0.1;0.7;0.0;0.0;0.8;92002;92002;92002
48.76889949743786, 2.310025989857072;"{""coordinates"": [[[2.308810874764553, 48.767911841336705], [2.308533289229031, 48.76969967444977], [2.311241154261653, 48.76988714683008], [2.311518643892876, 48.768099305950884], [2.308810874764553, 48.767911841336705]]], ""type"": ""Polygon""}";CRS3035RES200mN2880000E3756600;0;CRS3035RES1000mN2880000E3756000;0;CRS3035RES1000mN2880000E3756000;853356;214.5;47.0;6.0;48.0;7.0;7725368.4;6885.0;56.0;45.0;0.0;12.0;101.0;92002;92002;92002
48.74218065654566, 2.2895515210334296;"{""coordinates"": [[[2.288337415066619, 48.74119277810373], [2.288059320431306, 48.742980573178315], [2.290765676242224, 48.743168528295314], [2.29104367511537, 48.74138072544091], [2.288337415066619, 48.74119277810373]]], ""type"": ""Polygon""}";CRS3035RES200mN2877200E3754800;0;CRS3035RES1000mN2877000E3754000;0;CRS3035RES1000mN2877000E3754000;848735;276.0;22.0;11.0;85.0;9.0;10192341.9;9622.0;15.0;83.0;0.0;2.0;98.0;92002;92002;92002
48.752621440803644, 2.309815862006847;"{""coordinates"": [[[2.308601122059611, 48.7516337804113], [2.308323667605851, 48.75342162625226], [2.31103065122521, 48.75360909449034], [2.311308009853753, 48.75182124088713], [2.308601122059611, 48.7516337804113]]], ""type"": ""Polygon""}";CRS3035RES200mN2878200E3756400;0;CRS3035RES1000mN2878000E3756000;0;CRS3035RES200mN2878200E3756400;850928;462.0;91.0;11.0;153.0;15.0;15471872.9;14888.0;185.0;35.0;0.0;5.0;220.0;9200294034;92002;92002
48.75168329746875, 2.296281415886163;"{""coordinates"": [[[2.295066961979054, 48.75069549219404], [2.294789028437802, 48.752483299183986], [2.297495919060095, 48.75267109604557], [2.297773756788995, 48.750883281280146], [2.295066961979054, 48.75069549219404]]], ""type"": ""Polygon""}";CRS3035RES200mN2878200E3755400;0;CRS3035RES1000mN2878000E3755000;0;CRS3035RES200mN2878200E3755400;850864;423.5;74.0;11.0;129.0;16.0;17884417.0;16558.0;148.0;50.0;0.0;15.0;198.0;92002;92002;92002
48.760058531954286, 2.2867697902882127;"{""coordinates"": [[[2.285555331667657, 48.759070626015465], [2.285276984295599, 48.76085839824376], [2.287984298195254, 48.761046431198906], [2.288262549720209, 48.75925865118354], [2.285555331667657, 48.759070626015465]]], ""type"": ""Polygon""}";CRS3035RES200mN2879200E3754800;0;CRS3035RES1000mN2879000E3754000;0;CRS3035RES1000mN2879000E3754000;850830;170.5;19.0;8.0;54.0;12.0;5701355.7;4956.0;57.0;11.0;0.0;5.0;68.0;9200292019;92002;92002
48.75723450327358, 2.2981547848681614;"{""coordinates"": [[[2.296940167875042, 48.75624671873209], [2.296662254412364, 48.75803452665379], [2.299369451142313, 48.75822228111506], [2.299647268764577, 48.756434465418344], [2.296940167875042, 48.75624671873209]]], ""type"": ""Polygon""}";CRS3035RES200mN2878800E3755600;0;CRS3035RES1000mN2878000E3755000;0;CRS3035RES200mN2878800E3755600;850855;286.0;51.0;15.0;79.0;9.0;10687502.1;9623.0;53.0;70.0;0.0;10.0;123.0;92002;92002;92002
48.74933183412149, 2.288439131955396;"{""coordinates"": [[[2.287224884958442, 48.74834394468704], [2.286946689267629, 48.75013173061935], [2.289653428212127, 48.75031971686291], [2.289931528106808, 48.74853192314788], [2.287224884958442, 48.74834394468704]]], ""type"": ""Polygon""}";CRS3035RES200mN2878000E3754800;0;CRS3035RES1000mN2878000E3754000;0;CRS3035RES1000mN2878000E3754000;850817;282.5;27.0;9.0;86.0;7.0;11016352.4;10754.0;47.0;64.0;0.0;7.0;111.0;92002;92002;92002
48.73954391111319, 2.3036383787020687;"{""coordinates"": [[[2.302424057360636, 48.73855618298783], [2.302146491985207, 48.740344021500746], [2.304852749280909, 48.74053163253888], [2.305130218898279, 48.738743786260855], [2.302424057360636, 48.73855618298783]]], ""type"": ""Polygon""}";CRS3035RES200mN2876800E3755800;0;CRS3035RES1000mN2876000E3755000;0;CRS3035RES1000mN2876000E3755000;848784;467.5;62.0;14.0;145.0;23.0;13692944.5;14499.0;140.0;60.0;0.0;18.0;200.0;9200291377;92002;92002
48.76494878147382, 2.3051658012040264;"{""coordinates"": [[[2.303950871268176, 48.76396107288819], [2.303673144412394, 48.765748895015115], [2.306380780441303, 48.765936483354025], [2.306658411414947, 48.76414865345711], [2.303950871268176, 48.76396107288819]]], ""type"": ""Polygon""}";CRS3035RES200mN2879600E3756200;1;CRS3035RES1000mN2879000E3756000;0;CRS3035RES1000mN2879000E3756000;850869;12.0;0.6;0.6;3.4;0.3;440335.4;500.1;0.1;4.0;0.0;0.3;4.1;92002;92002;92002
48.7687119960658, 2.3073181820776623;"{""coordinates"": [[[2.306103124237491, 48.76772431097447], [2.305825442800241, 48.76951213631873], [2.308533289229031, 48.76969967444977], [2.308810874764553, 48.767911841336705], [2.306103124237491, 48.76772431097447]]], ""type"": ""Polygon""}";CRS3035RES200mN2880000E3756400;0;CRS3035RES1000mN2880000E3756000;0;CRS3035RES1000mN2880000E3756000;853351;128.0;4.0;9.0;35.0;2.0;6571424.5;8063.0;0.0;38.0;0.0;3.0;38.0;9200292071;92002;92002
48.75968234236666, 2.281355295635682;"{""coordinates"": [[[2.280140951510384, 48.758694378487235], [2.279862412451868, 48.76048213513341], [2.282569689045725, 48.760670299555024], [2.2828481322623, 48.75888253511645], [2.280140951510384, 48.758694378487235]]], ""type"": ""Polygon""}";CRS3035RES200mN2879200E3754400;1;CRS3035RES1000mN2879000E3754000;0;CRS3035RES1000mN2879000E3754000;850821;21.0;2.6;1.7;3.9;0.0;683436.3;674.1;3.4;3.9;0.0;0.0;7.3;9200292019;92002;92002
48.75431905045853, 2.282190655201735;"{""coordinates"": [[[2.28097641686677, 48.753331094839375], [2.280697953714564, 48.75511885834052], [2.283404942808092, 48.755306999387166], [2.283683310143851, 48.75351922809581], [2.28097641686677, 48.753331094839375]]], ""type"": ""Polygon""}";CRS3035RES200mN2878600E3754400;0;CRS3035RES1000mN2878000E3754000;0;CRS3035RES1000mN2878000E3754000;850811;188.5;8.0;8.0;60.0;4.0;9148632.1;8591.0;0.0;64.0;0.0;0.0;64.0;92002;92002;92002
48.74378046250599, 2.2865670672679137;"{""coordinates"": [[[2.285352983244378, 48.74279255235421], [2.285074767582004, 48.74458033735953], [2.287781200537014, 48.74476836596684], [2.288059320431306, 48.742980573178315], [2.285352983244378, 48.74279255235421]]], ""type"": ""Polygon""}";CRS3035RES200mN2877400E3754600;1;CRS3035RES1000mN2877000E3754000;0;CRS3035RES1000mN2877000E3754000;848727;7.0;0.6;0.1;1.3;0.6;230880.6;278.7;1.3;1.5;0.0;0.1;2.8;92002;92002;92002
48.74349470529378, 2.3084961323632873;"{""coordinates"": [[[2.307281626108251, 48.74250702962987], [2.307004201862182, 48.74429487910757], [2.309710687866337, 48.744482374254545], [2.309988016332229, 48.74269451701554], [2.307281626108251, 48.74250702962987]]], ""type"": ""Polygon""}";CRS3035RES200mN2877200E3756200;0;CRS3035RES1000mN2877000E3756000;0;CRS3035RES200mN2877200E3756200;848856;120.5;4.0;7.0;32.0;4.0;4306170.5;4348.0;0.0;39.0;0.0;2.0;39.0;92002;92002;92002
48.74170685079471, 2.3087734961233415;"{""coordinates"": [[[2.307559025158024, 48.740719177870915], [2.307281626108251, 48.74250702962987], [2.309988016332229, 48.74269451701554], [2.310265319610314, 48.74090665749603], [2.307559025158024, 48.740719177870915]]], ""type"": ""Polygon""}";CRS3035RES200mN2877000E3756200;0;CRS3035RES1000mN2877000E3756000;0;CRS3035RES200mN2877000E3756200;848870;264.5;26.0;12.0;74.0;8.0;8660234.4;9042.0;38.0;60.0;0.0;3.0;98.0;92002;92002;92002
48.74528255751209, 2.308218743409551;"{""coordinates"": [[[2.307004201862182, 48.74429487910757], [2.306726752416559, 48.7460827263043], [2.309433334209385, 48.74627022921329], [2.309710687866337, 48.744482374254545], [2.307004201862182, 48.74429487910757]]], ""type"": ""Polygon""}";CRS3035RES200mN2877400E3756200;0;CRS3035RES1000mN2877000E3756000;0;CRS3035RES200mN2877400E3756200;848869;260.5;22.0;9.0;84.0;2.0;9912953.2;9587.0;16.0;81.0;0.0;4.0;97.0;92002;92002;92002
48.75205875197249, 2.301695138536936;"{""coordinates"": [[[2.300480570208268, 48.75107100464565], [2.300202828294289, 48.752858827183964], [2.302909756134145, 48.753046492598344], [2.30318740223062, 48.75125866228982], [2.300480570208268, 48.75107100464565]]], ""type"": ""Polygon""}";CRS3035RES200mN2878200E3755800;0;CRS3035RES1000mN2878000E3755000;0;CRS3035RES200mN2878200E3755800;850861;391.5;49.0;5.0;108.0;11.0;16420213.6;14896.0;115.0;56.0;0.0;4.0;171.0;92002;92002;92002
48.76297334476864, 2.30273598459676;"{""coordinates"": [[[2.301521147221458, 48.76198560994541], [2.30124334973002, 48.763773426577934], [2.303950871268176, 48.76396107288819], [2.304228572888551, 48.76217324848376], [2.301521147221458, 48.76198560994541]]], ""type"": ""Polygon""}";CRS3035RES200mN2879400E3756000;1;CRS3035RES1000mN2879000E3756000;0;CRS3035RES1000mN2879000E3756000;850869;7.0;0.4;0.4;2.0;0.2;256862.3;291.7;0.1;2.3;0.0;0.2;2.4;92002;92002;92002
48.74490742802928, 2.3028057127784587;"{""coordinates"": [[[2.301591285601043, 48.74391969167781], [2.301313644585798, 48.7457075233426], [2.304020189206617, 48.74589515768052], [2.304297734438336, 48.744107318248425], [2.301591285601043, 48.74391969167781]]], ""type"": ""Polygon""}";CRS3035RES200mN2877400E3755800;0;CRS3035RES1000mN2877000E3755000;0;CRS3035RES200mN2877400E3755800;848765;495.5;78.0;12.0;130.0;15.0;16329918.0;15528.0;178.0;43.0;0.0;16.0;221.0;92002;92002;92002
48.751119622803245, 2.288160971528652;"{""coordinates"": [[[2.286946689267629, 48.75013173061935], [2.286668468304782, 48.7519195142669], [2.289375303053905, 48.7521075082939], [2.289653428212127, 48.75031971686291], [2.286946689267629, 48.75013173061935]]], ""type"": ""Polygon""}";CRS3035RES200mN2878200E3754800;0;CRS3035RES1000mN2878000E3754000;0;CRS3035RES1000mN2878000E3754000;850818;359.0;32.0;13.0;118.0;8.0;12627341.7;10723.0;78.0;55.0;0.0;2.0;133.0;92002;92002;92002
48.745657424139424, 2.313631848354548;"{""coordinates"": [[[2.312417192444562, 48.74466980368859], [2.312139934578853, 48.746457666406684], [2.314846553518715, 48.74664503788382], [2.315123715590618, 48.744857167409], [2.312417192444562, 48.74466980368859]]], ""type"": ""Polygon""}";CRS3035RES200mN2877400E3756600;0;CRS3035RES1000mN2877000E3756000;0;CRS3035RES200mN2877400E3756600;848868;224.5;39.0;10.0;58.0;7.0;7081065.4;7346.3;43.0;51.0;19.0;2.0;94.0;92002;92002;92002
48.75309537425874, 2.290589677804335;"{""coordinates"": [[[2.289375303053905, 48.7521075082939], [2.289097152628864, 48.75389529744117], [2.29180410182431, 48.7540832335286], [2.292082156433655, 48.75229543659982], [2.289375303053905, 48.7521075082939]]], ""type"": ""Polygon""}";CRS3035RES200mN2878400E3755000;0;CRS3035RES1000mN2878000E3755000;0;CRS3035RES200mN2878400E3755000;850851;250.0;23.0;10.0;77.0;4.0;10101629.1;10111.0;34.0;61.0;0.0;4.0;95.0;92002;92002;92002
48.767111659303914, 2.310303514830209;"{""coordinates"": [[[2.309088435075148, 48.76612400594822], [2.308810874764553, 48.767911841336705], [2.311518643892876, 48.768099305950884], [2.311796108307674, 48.76631146279698], [2.309088435075148, 48.76612400594822]]], ""type"": ""Polygon""}";CRS3035RES200mN2879800E3756600;0;CRS3035RES1000mN2879000E3756000;0;CRS3035RES1000mN2879000E3756000;850875;151.5;28.0;5.0;48.0;8.0;5683989.6;5605.0;51.0;20.0;0.0;6.0;71.0;92002;92002;92002
48.761373124895016, 2.305721108572968;"{""coordinates"": [[[2.304506249276775, 48.76038542180152], [2.304228572888551, 48.76217324848376], [2.306936017161677, 48.76236082128345], [2.307213597684764, 48.760572986832656], [2.304506249276775, 48.76038542180152]]], ""type"": ""Polygon""}";CRS3035RES200mN2879200E3756200;0;CRS3035RES1000mN2879000E3756000;0;CRS3035RES1000mN2879000E3756000;850884;428.0;78.0;15.0;126.0;10.0;16625755.3;14881.0;131.0;57.0;0.0;16.0;188.0;92002;92002;92002
48.74180462268006, 2.2841389424218663;"{""coordinates"": [[[2.282924950839611, 48.74081668631673], [2.282646664687679, 48.742604465823725], [2.285352983244378, 48.74279255235421], [2.285631173639288, 48.74100476506209], [2.282924950839611, 48.74081668631673]]], ""type"": ""Polygon""}";CRS3035RES200mN2877200E3754400;0;CRS3035RES1000mN2877000E3754000;0;CRS3035RES1000mN2877000E3754000;848741;857.0;122.0;28.0;7.0;28.0;17285317.0;18002.0;355.0;6.0;0.0;81.0;361.0;92002;92002;92002
48.73700514440545, 2.2930915776590624;"{""coordinates"": [[[2.291877520264501, 48.73601730316281], [2.291599597123245, 48.73780511287498], [2.294305684283138, 48.73799297895482], [2.294583511685109, 48.73620516146768], [2.291877520264501, 48.73601730316281]]], ""type"": ""Polygon""}";CRS3035RES200mN2876600E3755000;0;CRS3035RES1000mN2876000E3755000;0;CRS3035RES1000mN2876000E3755000;848780;465.0;38.0;30.0;50.0;24.0;10074495.9;12486.0;105.0;52.0;104.0;24.0;157.0;9200291377;92002;92002
48.7441563805204, 2.291979874657717;"{""coordinates"": [[[2.290765676242224, 48.743168528295314], [2.290487652118594, 48.74495632886438], [2.293194122320502, 48.74514422605145], [2.2934720506709, 48.74335641770448], [2.290765676242224, 48.743168528295314]]], ""type"": ""Polygon""}";CRS3035RES200mN2877400E3755000;0;CRS3035RES1000mN2877000E3755000;0;CRS3035RES200mN2877400E3755000;848756;276.0;30.0;5.0;82.0;8.0;9508191.2;10233.0;30.0;79.0;7.0;6.0;109.0;92002;92002;92002
48.74584475888046, 2.316338428679154;"{""coordinates"": [[[2.315123715590618, 48.744857167409], [2.314846553518715, 48.74664503788382], [2.317553191022733, 48.74683234364392], [2.317830257298263, 48.74504446541504], [2.315123715590618, 48.744857167409]]], ""type"": ""Polygon""}";CRS3035RES200mN2877400E3756800;0;CRS3035RES1000mN2877000E3756000;0;CRS3035RES200mN2877400E3756800;848872;299.0;31.0;11.0;1.0;27.0;5631355.9;7872.0;115.0;1.0;115.0;17.0;116.0;92002;92002;92002
48.7577974592057, 2.3062763150368366;"{""coordinates"": [[[2.305061526369823, 48.75680976160229], [2.304783900436111, 48.75859759284112], [2.307491152987463, 48.75878515010445], [2.30776868307304, 48.75699731109853], [2.305061526369823, 48.75680976160229]]], ""type"": ""Polygon""}";CRS3035RES200mN2878800E3756200;0;CRS3035RES1000mN2878000E3756000;0;CRS3035RES200mN2878800E3756200;850931;601.5;91.0;8.0;146.0;24.0;19571623.0;19071.0;254.0;14.0;16.0;23.0;268.0;92002;92002;92002
48.769086933060116, 2.3127338162359004;"{""coordinates"": [[[2.311518643892876, 48.768099305950884], [2.311241154261653, 48.76988714683008], [2.31394903789185, 48.7700745534589], [2.314226431616197, 48.76828670481622], [2.311518643892876, 48.768099305950884]]], ""type"": ""Polygon""}";CRS3035RES200mN2880000E3756800;1;CRS3035RES1000mN2880000E3756000;0;CRS3035RES1000mN2880000E3756000;853347;5.0;0.1;0.3;1.3;0.1;271636.8;329.4;0.3;1.2;0.0;0.0;1.5;92002;92002;92002
48.75440928938687, 2.3095384428640515;"{""coordinates"": [[[2.308323667605851, 48.75342162625226], [2.308046187944747, 48.75520946981456], [2.31075326739782, 48.75539694581565], [2.31103065122521, 48.75360909449034], [2.308323667605851, 48.75342162625226]]], ""type"": ""Polygon""}";CRS3035RES200mN2878400E3756400;0;CRS3035RES1000mN2878000E3756000;0;CRS3035RES200mN2878400E3756400;850924;320.0;28.0;14.0;101.0;12.0;11434359.7;10467.0;43.0;78.0;0.0;9.0;121.0;9200294034;92002;92002
48.745756249903984, 2.2889953770136744;"{""coordinates"": [[[2.287781200537014, 48.74476836596684], [2.287503055380479, 48.746556156469644], [2.290209602741209, 48.74674412714848], [2.290487652118594, 48.74495632886438], [2.287781200537014, 48.74476836596684]]], ""type"": ""Polygon""}";CRS3035RES200mN2877600E3754800;0;CRS3035RES1000mN2877000E3754000;0;CRS3035RES1000mN2877000E3754000;848729;76.5;21.0;1.0;27.0;3.0;2748472.3;2519.0;36.0;7.0;0.0;2.0;43.0;92002;92002;92002
48.758082700550894, 2.2843409162842474;"{""coordinates"": [[[2.283126550181997, 48.757094768393905], [2.2828481322623, 48.75888253511645], [2.285555331667657, 48.759070626015465], [2.285833653751334, 48.75728285150391], [2.283126550181997, 48.757094768393905]]], ""type"": ""Polygon""}";CRS3035RES200mN2879000E3754600;0;CRS3035RES1000mN2879000E3754000;0;CRS3035RES1000mN2879000E3754000;850827;163.0;9.0;2.0;54.0;3.0;6960402.7;5930.0;0.0;58.0;0.0;1.0;58.0;92002;92002;92002
48.74010643690675, 2.311757090547704;"{""coordinates"": [[[2.310542597703856, 48.73911879569567], [2.310265319610314, 48.74090665749603], [2.312971632631538, 48.74109407141354], [2.313248814959307, 48.73930620185599], [2.310542597703856, 48.73911879569567]]], ""type"": ""Polygon""}";CRS3035RES200mN2876800E3756400;0;CRS3035RES1000mN2876000E3756000;0;CRS3035RES1000mN2876000E3756000;848820;163.0;9.0;3.0;26.0;13.0;4398353.8;5192.0;30.0;30.0;0.0;7.0;60.0;92002;92002;92002
48.75224638064018, 2.304402027767313;"{""coordinates"": [[[2.30318740223062, 48.75125866228982], [2.302909756134145, 48.753046492598344], [2.305616702573415, 48.753234092288004], [2.305894252849818, 48.751446254211956], [2.30318740223062, 48.75125866228982]]], ""type"": ""Polygon""}";CRS3035RES200mN2878200E3756000;0;CRS3035RES1000mN2878000E3756000;0;CRS3035RES200mN2878200E3756000;850936;733.0;155.0;12.0;235.0;32.0;27701745.8;25463.0;356.0;10.0;0.0;22.0;366.0;92002;92002;92002
48.747070407449975, 2.3079413292588806;"{""coordinates"": [[[2.306726752416559, 48.7460827263043], [2.30644927776813, 48.74787057122042], [2.309155955358117, 48.748058081892125], [2.309433334209385, 48.74627022921329], [2.306726752416559, 48.7460827263043]]], ""type"": ""Polygon""}";CRS3035RES200mN2877600E3756200;0;CRS3035RES1000mN2877000E3756000;0;CRS3035RES200mN2877600E3756200;848866;222.5;20.0;7.0;74.0;7.0;8278645.6;8329.0;11.0;76.0;0.0;1.0;87.0;92002;92002;92002
48.75770639508428, 2.278926650616549;"{""coordinates"": [[[2.277712399002153, 48.75671840499199], [2.277433789418151, 48.758506156128554], [2.280140951510384, 48.758694378487235], [2.280419465263522, 48.75690661955639], [2.277712399002153, 48.75671840499199]]], ""type"": ""Polygon""}";CRS3035RES200mN2879000E3754200;0;CRS3035RES1000mN2879000E3754000;0;CRS3035RES1000mN2879000E3754000;850841;688.5;106.0;33.0;46.0;49.0;16236320.4;22100.0;245.0;42.0;0.0;31.0;287.0;9200292019;92002;92002
48.7527193784207, 2.285175912495679;"{""coordinates"": [[[2.28396165219254, 48.75173145451957], [2.283683310143851, 48.75351922809581], [2.286390222066627, 48.75370729562997], [2.286668468304782, 48.7519195142669], [2.28396165219254, 48.75173145451957]]], ""type"": ""Polygon""}";CRS3035RES200mN2878400E3754600;0;CRS3035RES1000mN2878000E3754000;0;CRS3035RES1000mN2878000E3754000;850812;186.0;13.0;7.0;57.0;5.0;7399940.7;7111.0;24.0;43.0;0.0;0.0;67.0;92002;92002;92002
48.76156066094149, 2.3084285142129892;"{""coordinates"": [[[2.307213597684764, 48.760572986832656], [2.306936017161677, 48.76236082128345], [2.309643480034592, 48.76254832834372], [2.309920964689965, 48.76076048612702], [2.307213597684764, 48.760572986832656]]], ""type"": ""Polygon""}";CRS3035RES200mN2879200E3756400;0;CRS3035RES1000mN2879000E3756000;0;CRS3035RES1000mN2879000E3756000;850887;617.5;87.0;19.0;113.0;36.0;18722416.6;17757.3;211.0;52.0;72.0;21.0;263.0;92002;92002;92002
48.76353597621006, 2.3108584891226056;"{""coordinates"": [[[2.309643480034592, 48.76254832834372], [2.309365970164074, 48.764336168284], [2.312073547509309, 48.764523617368056], [2.312350961501044, 48.76273576966379], [2.309643480034592, 48.76254832834372]]], ""type"": ""Polygon""}";CRS3035RES200mN2879400E3756600;0;CRS3035RES1000mN2879000E3756000;0;CRS3035RES1000mN2879000E3756000;850878;224.5;23.0;1.0;34.0;4.0;8153521.8;6403.0;93.0;5.0;0.0;2.0;98.0;92002;92002;92002
48.73606501222205, 2.2795616139095776;"{""coordinates"": [[[2.278347842398021, 48.735077026194546], [2.278069440598948, 48.73686479699207], [2.280775434646329, 48.73705299156405], [2.281053740718991, 48.7352652129783], [2.278347842398021, 48.735077026194546]]], ""type"": ""Polygon""}";CRS3035RES200mN2876600E3754000;0;CRS3035RES1000mN2876000E3754000;0;CRS3035RES200mN2876600E3754000;848792;149.0;13.0;9.0;28.0;9.0;3680095.1;4072.0;31.0;22.0;0.0;3.0;53.0;92002;92002;92002
48.73860505404404, 2.29010756404079;"{""coordinates"": [[[2.288893528573379, 48.73761718109526], [2.288615484446224, 48.73940498074282], [2.291321648741286, 48.739592920300936], [2.291599597123245, 48.73780511287498], [2.288893528573379, 48.73761718109526]]], ""type"": ""Polygon""}";CRS3035RES200mN2876800E3754800;0;CRS3035RES1000mN2876000E3754000;0;CRS3035RES200mN2876800E3754800;848814;1193.0;146.0;64.0;4.0;90.0;20136968.6;26550.0;454.0;4.0;453.0;108.0;458.0;92002;92002;92002
48.73916856539386, 2.2982259970441508;"{""coordinates"": [[[2.297011790046831, 48.73818077933407], [2.29673403316299, 48.7399686023088], [2.299440253277151, 48.74015634475712], [2.299717914408069, 48.73836851401195], [2.297011790046831, 48.73818077933407]]], ""type"": ""Polygon""}";CRS3035RES200mN2876800E3755400;0;CRS3035RES1000mN2876000E3755000;0;CRS3035RES1000mN2876000E3755000;848773;246.0;37.0;10.0;80.0;7.0;8654382.0;8872.0;38.0;65.0;0.0;6.0;103.0;9200291377;92002;92002
48.76316095432307, 2.3054434675032565;"{""coordinates"": [[[2.304228572888551, 48.76217324848376], [2.303950871268176, 48.76396107288819], [2.306658411414947, 48.76414865345711], [2.306936017161677, 48.76236082128345], [2.304228572888551, 48.76217324848376]]], ""type"": ""Polygon""}";CRS3035RES200mN2879400E3756200;0;CRS3035RES1000mN2879000E3756000;0;CRS3035RES1000mN2879000E3756000;850874;151.0;23.0;3.0;54.0;7.0;5669279.3;5458.0;62.0;5.0;0.0;4.0;67.0;92002;92002;92002
48.75902231394293, 2.2978769067021565;"{""coordinates"": [[[2.296662254412364, 48.75803452665379], [2.296384315698565, 48.75982233229484], [2.299091608277426, 48.76001009453189], [2.299369451142313, 48.75822228111506], [2.296662254412364, 48.75803452665379]]], ""type"": ""Polygon""}";CRS3035RES200mN2879000E3755600;0;CRS3035RES1000mN2879000E3755000;0;CRS3035RES1000mN2879000E3755000;850799;203.5;63.0;3.0;49.0;10.0;8037538.8;6093.0;99.0;13.0;0.0;4.0;112.0;92002;92002;92002
48.74744528959673, 2.3133546257948447;"{""coordinates"": [[[2.312139934578853, 48.746457666406684], [2.311862651527317, 48.748245526845615], [2.31456936626948, 48.74843290608015], [2.314846553518715, 48.74664503788382], [2.312139934578853, 48.746457666406684]]], ""type"": ""Polygon""}";CRS3035RES200mN2877600E3756600;0;CRS3035RES1000mN2877000E3756000;0;CRS3035RES200mN2877600E3756600;848878;681.0;101.0;31.0;3.0;63.0;12923092.4;19849.0;286.0;3.0;285.0;42.0;289.0;92002;92002;92002
48.76118552311079, 2.303013721534564;"{""coordinates"": [[[2.301798919472243, 48.76019779103433], [2.301521147221458, 48.76198560994541], [2.304228572888551, 48.76217324848376], [2.304506249276775, 48.76038542180152], [2.301798919472243, 48.76019779103433]]], ""type"": ""Polygon""}";CRS3035RES200mN2879200E3756000;0;CRS3035RES1000mN2879000E3756000;0;CRS3035RES1000mN2879000E3756000;850871;121.0;10.0;3.0;35.0;4.0;5235476.1;4609.0;11.0;33.0;0.0;2.0;44.0;92002;92002;92002
48.746507591357734, 2.2998215238283874;"{""coordinates"": [[[2.298607118560342, 48.7455198232913], [2.298329356535859, 48.7473076449033], [2.301035978350759, 48.74749535272529], [2.301313644585798, 48.7457075233426], [2.298607118560342, 48.7455198232913]]], ""type"": ""Polygon""}";CRS3035RES200mN2877600E3755600;0;CRS3035RES1000mN2877000E3755000;0;CRS3035RES200mN2877600E3755600;848751;213.0;22.0;9.0;68.0;8.0;7850860.3;7001.0;16.0;64.0;6.0;1.0;80.0;92002;92002;92002
48.7484830945634, 2.302250476098566;"{""coordinates"": [[[2.301035978350759, 48.74749535272529], [2.300758286892669, 48.7492831798262], [2.303465023106018, 48.74947082970089], [2.303742618763595, 48.74768299483124], [2.301035978350759, 48.74749535272529]]], ""type"": ""Polygon""}";CRS3035RES200mN2877800E3755800;0;CRS3035RES1000mN2877000E3755000;0;CRS3035RES200mN2877800E3755800;848764;462.5;81.0;7.0;151.0;13.0;17548618.0;17346.0;155.0;66.0;0.0;11.0;221.0;92002;92002;92002
48.75883452272739, 2.2951696713579937;"{""coordinates"": [[[2.293955076302046, 48.757846706461294], [2.293677041741911, 48.759634504323955], [2.296384315698565, 48.75982233229484], [2.296662254412364, 48.75803452665379], [2.293955076302046, 48.757846706461294]]], ""type"": ""Polygon""}";CRS3035RES200mN2879000E3755400;0;CRS3035RES1000mN2879000E3755000;0;CRS3035RES1000mN2879000E3755000;850796;193.0;15.0;5.0;57.0;9.0;7289094.3;6455.0;8.0;63.0;0.0;3.0;71.0;92002;92002;92002
48.7362531700522, 2.282267569410809;"{""coordinates"": [[[2.281053740718991, 48.7352652129783], [2.280775434646329, 48.73705299156405], [2.283481447328685, 48.737241120439066], [2.283759657672361, 48.735453334067735], [2.281053740718991, 48.7352652129783]]], ""type"": ""Polygon""}";CRS3035RES200mN2876600E3754200;0;CRS3035RES1000mN2876000E3754000;0;CRS3035RES200mN2876600E3754200;848807;592.0;59.0;23.0;114.0;18.0;17378910.0;15682.7;208.0;22.0;43.0;21.0;230.0;92002;92002;92002
48.74020488013859, 2.287123352299974;"{""coordinates"": [[[2.285909338770002, 48.739216975482925], [2.285631173639288, 48.74100476506209], [2.288337415066619, 48.74119277810373], [2.288615484446224, 48.73940498074282], [2.285909338770002, 48.739216975482925]]], ""type"": ""Polygon""}";CRS3035RES200mN2877000E3754600;0;CRS3035RES1000mN2877000E3754000;0;CRS3035RES1000mN2877000E3754000;848737;339.5;57.0;13.0;27.0;28.0;7615678.9;9971.0;126.0;26.0;119.0;23.0;152.0;92002;92002;92002
48.75525891466098, 2.2957255941230277;"{""coordinates"": [[[2.294511069646727, 48.75427110389161], [2.294233085602562, 48.756058906317286], [2.296940167875042, 48.75624671873209], [2.297218056089864, 48.75445890852945], [2.294511069646727, 48.75427110389161]]], ""type"": ""Polygon""}";CRS3035RES200mN2878600E3755400;0;CRS3035RES1000mN2878000E3755000;0;CRS3035RES200mN2878600E3755400;850862;329.0;88.0;4.0;97.0;18.0;11774375.1;11802.0;177.0;3.0;6.0;12.0;180.0;92002;92002;92002
48.75958529318931, 2.305998724416402;"{""coordinates"": [[[2.304783900436111, 48.75859759284112], [2.304506249276775, 48.76038542180152], [2.307213597684764, 48.760572986832656], [2.307491152987463, 48.75878515010445], [2.304783900436111, 48.75859759284112]]], ""type"": ""Polygon""}";CRS3035RES200mN2879000E3756200;0;CRS3035RES1000mN2879000E3756000;0;CRS3035RES1000mN2879000E3756000;850885;437.0;112.0;5.0;120.0;19.0;14085191.7;13017.0;203.0;25.0;3.0;19.0;228.0;92002;92002;92002
48.74189430144575, 2.311479847746796;"{""coordinates"": [[[2.310265319610314, 48.74090665749603], [2.309988016332229, 48.74269451701554], [2.312694425127707, 48.74288193869096], [2.312971632631538, 48.74109407141354], [2.310265319610314, 48.74090665749603]]], ""type"": ""Polygon""}";CRS3035RES200mN2877000E3756400;0;CRS3035RES1000mN2877000E3756000;0;CRS3035RES200mN2877000E3756400;848871;305.5;20.0;12.0;74.0;11.0;10051899.9;10995.3;8.0;104.0;0.0;5.0;112.0;92002;92002;92002
48.75648297514415, 2.2873263386188083;"{""coordinates"": [[[2.286111950549901, 48.755495074708875], [2.285833653751334, 48.75728285150391], [2.288540775965285, 48.75747086888564], [2.288818976933746, 48.75568308430495], [2.286111950549901, 48.755495074708875]]], ""type"": ""Polygon""}";CRS3035RES200mN2878800E3754800;0;CRS3035RES1000mN2878000E3754000;0;CRS3035RES1000mN2878000E3754000;850816;261.0;24.0;8.0;84.0;7.0;9715924.9;8695.0;6.0;91.0;2.0;3.0;97.0;92002;92002;92002
48.75760987295978, 2.303569119709135;"{""coordinates"": [[[2.302354388264918, 48.75662214637532], [2.302076666485644, 48.758409969844436], [2.304783900436111, 48.75859759284112], [2.305061526369823, 48.75680976160229], [2.302354388264918, 48.75662214637532]]], ""type"": ""Polygon""}";CRS3035RES200mN2878800E3756000;0;CRS3035RES1000mN2878000E3756000;0;CRS3035RES200mN2878800E3756000;850935;729.0;148.0;16.0;195.0;33.0;24793690.0;22833.0;333.0;17.0;0.0;19.0;350.0;92002;92002;92002
48.748858255107734, 2.30766388990802;"{""coordinates"": [[[2.30644927776813, 48.74787057122042], [2.306171777913635, 48.749658413856196], [2.308878551309278, 48.74984593229134], [2.309155955358117, 48.748058081892125], [2.30644927776813, 48.74787057122042]]], ""type"": ""Polygon""}";CRS3035RES200mN2877800E3756200;0;CRS3035RES1000mN2877000E3756000;0;CRS3035RES200mN2877800E3756200;848865;243.5;19.0;11.0;71.0;4.0;9014190.7;8440.0;22.0;65.0;0.0;2.0;87.0;92002;92002;92002
48.7341803736517, 2.3044708177884026;"{""coordinates"": [[[2.303256602259411, 48.733192653747736], [2.30297911249448, 48.73498049911161], [2.305685082541462, 48.73516808685657], [2.30596247657379, 48.73338023372974], [2.303256602259411, 48.733192653747736]]], ""type"": ""Polygon""}";CRS3035RES200mN2876200E3755800;0;CRS3035RES1000mN2876000E3755000;0;CRS3035RES1000mN2876000E3755000;848771;209.0;19.0;7.0;71.0;1.0;7245279.5;6997.0;0.0;75.0;0.0;0.0;75.0;92002;92002;92002
48.73879295686247, 2.2928136897691203;"{""coordinates"": [[[2.291599597123245, 48.73780511287498], [2.291321648741286, 48.739592920300936], [2.294027831648956, 48.73978079415649], [2.294305684283138, 48.73799297895482], [2.291599597123245, 48.73780511287498]]], ""type"": ""Polygon""}";CRS3035RES200mN2876800E3755000;0;CRS3035RES1000mN2876000E3755000;0;CRS3035RES1000mN2876000E3755000;848778;337.0;42.0;12.0;93.0;13.0;9690993.3;10861.0;91.0;47.0;29.0;10.0;138.0;92002;92002;92002
48.76513633305617, 2.3078733985938986;"{""coordinates"": [[[2.306658411414947, 48.76414865345711], [2.306380780441303, 48.765936483354025], [2.309088435075148, 48.76612400594822], [2.309365970164074, 48.764336168284], [2.306658411414947, 48.76414865345711]]], ""type"": ""Polygon""}";CRS3035RES200mN2879600E3756400;0;CRS3035RES1000mN2879000E3756000;0;CRS3035RES1000mN2879000E3756000;850877;258.0;23.0;13.0;85.0;9.0;10887676.6;9992.0;38.0;60.0;0.0;0.0;98.0;92002;92002;92002
48.7478199088716, 2.318767996605059;"{""coordinates"": [[[2.317553191022733, 48.74683234364392], [2.317276099578368, 48.748620219595054], [2.319982851447734, 48.748807467389554], [2.320259847084662, 48.747019583686274], [2.317553191022733, 48.74683234364392]]], ""type"": ""Polygon""}";CRS3035RES200mN2877600E3757000;0;CRS3035RES1000mN2877000E3757000;0;CRS3035RES1000mN2877000E3757000;848830;280.5;14.0;6.0;42.0;15.0;8224600.8;6963.0;99.0;6.0;0.0;4.0;105.0;9200291689;92002;92002
48.751871057581766, 2.298988267907809;"{""coordinates"": [[[2.297773756788995, 48.750883281280146], [2.297495919060095, 48.75267109604557], [2.300202828294289, 48.752858827183964], [2.300480570208268, 48.75107100464565], [2.297773756788995, 48.750883281280146]]], ""type"": ""Polygon""}";CRS3035RES200mN2878200E3755600;0;CRS3035RES1000mN2878000E3755000;0;CRS3035RES200mN2878200E3755600;850852;255.0;29.0;11.0;67.0;9.0;10235843.7;9746.0;49.0;51.0;0.0;1.0;100.0;92002;92002;92002
48.7368172493637, 2.290385547672971;"{""coordinates"": [[[2.28917154745135, 48.73582937916072], [2.288893528573379, 48.73761718109526], [2.291599597123245, 48.73780511287498], [2.291877520264501, 48.73601730316281], [2.28917154745135, 48.73582937916072]]], ""type"": ""Polygon""}";CRS3035RES200mN2876600E3754800;0;CRS3035RES1000mN2876000E3754000;0;CRS3035RES200mN2876600E3754800;848801;477.5;38.0;28.0;29.0;47.0;9094875.6;11730.0;142.0;26.0;128.0;35.0;168.0;9200291377;92002;92002
48.74076861192536, 2.295242016730923;"{""coordinates"": [[[2.294027831648956, 48.73978079415649], [2.293749953779294, 48.74156860707295], [2.296456251052163, 48.74175642299903], [2.29673403316299, 48.7399686023088], [2.294027831648956, 48.73978079415649]]], ""type"": ""Polygon""}";CRS3035RES200mN2877000E3755200;0;CRS3035RES1000mN2877000E3755000;0;CRS3035RES200mN2877000E3755200;848757;322.0;33.0;14.0;64.0;6.0;9812538.1;10094.0;58.0;65.0;0.0;12.0;123.0;92002;92002;92002
48.746319854563986, 2.297114959209441;"{""coordinates"": [[[2.295900611136499, 48.74533205752735], [2.295622753325139, 48.747119871366046], [2.298329356535859, 48.7473076449033], [2.298607118560342, 48.7455198232913], [2.295900611136499, 48.74533205752735]]], ""type"": ""Polygon""}";CRS3035RES200mN2877600E3755400;0;CRS3035RES1000mN2877000E3755000;0;CRS3035RES200mN2877600E3755400;848766;623.5;94.0;18.0;173.0;32.0;17068846.4;16974.0;266.0;0.0;0.0;20.0;266.0;92002;92002;92002
48.75093159980836, 2.285454193999428;"{""coordinates"": [[[2.284239968957435, 48.74994367865813], [2.28396165219254, 48.75173145451957], [2.286668468304782, 48.7519195142669], [2.286946689267629, 48.75013173061935], [2.284239968957435, 48.74994367865813]]], ""type"": ""Polygon""}";CRS3035RES200mN2878200E3754600;0;CRS3035RES1000mN2878000E3754000;0;CRS3035RES1000mN2878000E3754000;850820;735.5;134.0;21.0;247.0;28.0;23263238.0;21002.0;258.0;74.0;0.0;19.0;332.0;92002;92002;92002
48.749895485449656, 2.296559288900187;"{""coordinates"": [[[2.295344870273744, 48.74890768292149], [2.295066961979054, 48.75069549219404], [2.297773756788995, 48.750883281280146], [2.298051569279829, 48.749095464232816], [2.295344870273744, 48.74890768292149]]], ""type"": ""Polygon""}";CRS3035RES200mN2878000E3755400;0;CRS3035RES1000mN2878000E3755000;0;CRS3035RES200mN2878000E3755400;850865;450.0;77.0;6.0;93.0;35.0;13210660.9;14176.0;186.0;15.0;0.0;8.0;201.0;92002;92002;92002
48.76174813124948, 2.3111359384483783;"{""coordinates"": [[[2.309920964689965, 48.76076048612702], [2.309643480034592, 48.76254832834372], [2.312350961501044, 48.76273576966379], [2.312628350286136, 48.7609479196839], [2.309920964689965, 48.76076048612702]]], ""type"": ""Polygon""}";CRS3035RES200mN2879200E3756600;0;CRS3035RES1000mN2879000E3756000;0;CRS3035RES1000mN2879000E3756000;850879;313.5;30.0;16.0;78.0;13.0;11322380.9;10497.7;32.0;80.0;29.0;6.0;112.0;92002;92002;92002
48.76532381889475, 2.3105810145842995;"{""coordinates"": [[[2.309365970164074, 48.764336168284], [2.309088435075148, 48.76612400594822], [2.311796108307674, 48.76631146279698], [2.312073547509309, 48.764523617368056], [2.309365970164074, 48.764336168284]]], ""type"": ""Polygon""}";CRS3035RES200mN2879600E3756600;0;CRS3035RES1000mN2879000E3756000;0;CRS3035RES1000mN2879000E3756000;850882;394.5;52.0;10.0;50.0;22.0;12098487.7;10859.0;168.0;3.0;65.0;7.0;171.0;92002;92002;92002
48.74594418383639, 2.2917018857958484;"{""coordinates"": [[[2.290487652118594, 48.74495632886438], [2.290209602741209, 48.74674412714848], [2.292916168724844, 48.74693203211419], [2.293194122320502, 48.74514422605145], [2.290487652118594, 48.74495632886438]]], ""type"": ""Polygon""}";CRS3035RES200mN2877600E3755000;0;CRS3035RES1000mN2877000E3755000;0;CRS3035RES200mN2877600E3755000;848761;296.0;74.0;5.0;15.0;36.0;6131497.4;8486.0;140.0;15.0;139.0;33.0;155.0;92002;92002;92002
48.75573039537753, 2.2764981906126716;"{""coordinates"": [[[2.275284031497318, 48.75474237907545], [2.275005351404131, 48.75653012470154], [2.277712399002153, 48.75671840499199], [2.277990983275557, 48.75493065156974], [2.275284031497318, 48.75474237907545]]], ""type"": ""Polygon""}";CRS3035RES200mN2878800E3754000;0;CRS3035RES1000mN2878000E3754000;0;CRS3035RES1000mN2878000E3754000;850803;60.0;3.0;1.0;18.0;2.0;2609767.3;3077.0;0.0;20.0;0.0;0.0;20.0;9200291645;92002;92002
48.74509502562726, 2.305512218801643;"{""coordinates"": [[[2.304297734438336, 48.744107318248425], [2.304020189206617, 48.74589515768052], [2.306726752416559, 48.7460827263043], [2.307004201862182, 48.74429487910757], [2.304297734438336, 48.744107318248425]]], ""type"": ""Polygon""}";CRS3035RES200mN2877400E3756000;0;CRS3035RES1000mN2877000E3756000;0;CRS3035RES200mN2877400E3756000;848860;195.5;16.0;8.0;68.0;6.0;6591855.2;7565.0;6.0;71.0;0.0;2.0;77.0;92002;92002;92002
48.7477319848679, 2.291423871682837;"{""coordinates"": [[[2.290209602741209, 48.74674412714848], [2.289931528106808, 48.74853192314788], [2.292638189880655, 48.748719835892935], [2.292916168724844, 48.74693203211419], [2.290209602741209, 48.74674412714848]]], ""type"": ""Polygon""}";CRS3035RES200mN2877800E3755000;0;CRS3035RES1000mN2877000E3755000;0;CRS3035RES200mN2877800E3755000;848744;56.5;8.0;2.0;16.0;1.0;2823309.1;4262.0;5.0;19.0;0.0;0.0;24.0;92002;92002;92002
48.73436792466684, 2.3071767492555098;"{""coordinates"": [[[2.30596247657379, 48.73338023372974], [2.305685082541462, 48.73516808685657], [2.308391071162149, 48.73535560890333], [2.308668369459304, 48.73356774801616], [2.30596247657379, 48.73338023372974]]], ""type"": ""Polygon""}";CRS3035RES200mN2876200E3756000;0;CRS3035RES1000mN2876000E3756000;0;CRS3035RES1000mN2876000E3756000;848819;68.0;14.0;0.0;27.0;4.0;1789538.6;1938.0;29.0;5.0;0.0;1.0;34.0;92002;92002;92002
48.7579849797192, 2.308983528961006;"{""coordinates"": [[[2.30776868307304, 48.75699731109853], [2.307491152987463, 48.75878515010445], [2.310198424133457, 48.75897264163365], [2.310475858368318, 48.75718479486331], [2.30776868307304, 48.75699731109853]]], ""type"": ""Polygon""}";CRS3035RES200mN2878800E3756400;0;CRS3035RES1000mN2878000E3756000;0;CRS3035RES200mN2878800E3756400;850923;319.0;26.0;14.0;93.0;12.0;11949900.9;11629.0;26.0;93.0;0.0;8.0;119.0;92002;92002;92002
48.73991899401459, 2.3090508346929774;"{""coordinates"": [[[2.307836399014764, 48.73893132383038], [2.307559025158024, 48.740719177870915], [2.310265319610314, 48.74090665749603], [2.310542597703856, 48.73911879569567], [2.307836399014764, 48.73893132383038]]], ""type"": ""Polygon""}";CRS3035RES200mN2876800E3756200;0;CRS3035RES1000mN2876000E3756000;0;CRS3035RES1000mN2876000E3756000;848823;529.0;75.0;27.0;9.0;41.0;10946148.9;15475.0;152.0;61.0;0.0;24.0;213.0;92002;92002;92002
48.75996028401276, 2.311413362564896;"{""coordinates"": [[[2.310198424133457, 48.75897264163365], [2.309920964689965, 48.76076048612702], [2.312628350286136, 48.7609479196839], [2.312905713867839, 48.75916006742805], [2.310198424133457, 48.75897264163365]]], ""type"": ""Polygon""}";CRS3035RES200mN2879000E3756600;0;CRS3035RES1000mN2879000E3756000;0;CRS3035RES1000mN2879000E3756000;850876;268.0;12.0;13.0;77.0;9.0;11306822.1;9403.0;6.0;83.0;0.0;1.0;89.0;9200294034;92002;92002
